City_ID,City,Lat,Lng,Max Temp,Humidity,Cloudiness,Wind Speed,Country,Date
0,Uyemskiy,-46.1927,168.8643,293.42,56,100,3.58,NZ,2022-03-11 01:15:52
1,Uyemskiy,37.1041,-113.5841,280.72,22,0,13.38,US,2022-03-11 01:15:52
2,Uyemskiy,-9.8,-139.0333,298.92,73,9,6.33,PF,2022-03-11 01:15:53
3,Uyemskiy,-33.0153,27.9116,294.5,85,20,2.47,ZA,2022-03-11 01:15:53
4,Uyemskiy,-38.0023,-57.5575,291.41,71,1,1.54,AR,2022-03-11 01:15:54
5,Uyemskiy,27.9054,-15.4461,288.5,63,20,6.17,ES,2022-03-11 01:15:54
6,Uyemskiy,70.4692,-68.5914,242.28,76,0,1.03,CA,2022-03-11 01:15:55
7,Uyemskiy,-46.2817,169.8464,294.11,53,100,4.7,NZ,2022-03-11 01:15:56
8,Uyemskiy,14.8961,-24.4956,294.81,72,4,5.39,CV,2022-03-11 01:15:56
9,Uyemskiy,-23.1203,-134.9692,299.1,70,59,2.78,PF,2022-03-11 01:15:57
10,Uyemskiy,-33.918,25.5701,290.31,94,0,0.0,ZA,2022-03-11 01:15:57
11,Uyemskiy,28.017,-97.5169,292.69,84,100,3.96,US,2022-03-11 01:15:58
12,Uyemskiy,56.7115,-4.9661,277.47,90,100,2.8,GB,2022-03-11 01:15:58
13,Uyemskiy,16.8634,-99.8901,298.05,78,0,4.12,MX,2022-03-11 01:15:59
14,Uyemskiy,-33.65,115.3333,301.32,35,2,4.38,AU,2022-03-11 01:16:00
15,Uyemskiy,-0.6,73.0833,300.87,59,5,1.72,MV,2022-03-11 01:16:00
16,Uyemskiy,-33.295,-66.3356,289.74,35,0,5.44,AR,2022-03-11 01:16:01
17,Uyemskiy,44.85,23.0833,269.47,92,100,1.32,RO,2022-03-11 01:16:02
18,Uyemskiy,-42.8794,147.3294,294.83,48,75,3.6,AU,2022-03-11 01:16:02
19,Uyemskiy,49.1447,56.4872,266.17,93,100,8.51,KZ,2022-03-11 01:16:03
20,Uyemskiy,-8.0742,-39.1192,298.51,59,100,4.45,BR,2022-03-11 01:16:03
21,Uyemskiy,-15.7667,128.7333,306.14,58,100,2.06,AU,2022-03-11 01:14:58
22,Uyemskiy,16.4145,-3.6708,297.13,8,5,3.86,ML,2022-03-11 01:16:04
23,Uyemskiy,-33.9258,18.4232,292.66,81,0,3.09,ZA,2022-03-11 01:16:05
24,Uyemskiy,-33.5906,26.891,295.06,81,75,1.42,ZA,2022-03-11 01:16:06
25,Uyemskiy,55.1001,-105.2842,252.29,59,20,4.63,CA,2022-03-11 01:16:06
26,Uyemskiy,-34.5322,20.0403,289.77,94,0,1.54,ZA,2022-03-11 01:16:07
27,Uyemskiy,41.9842,44.1158,273.47,96,100,0.9,GE,2022-03-11 01:16:07
28,Uyemskiy,69.7008,170.3133,262.75,73,8,4.0,RU,2022-03-11 01:16:08
29,Uyemskiy,34.4133,-119.861,294.45,57,0,0.45,US,2022-03-11 01:16:08
30,Uyemskiy,41.3712,-73.414,278.02,76,0,0.0,US,2022-03-11 01:16:09
31,Uyemskiy,-20.3428,57.7575,299.29,89,40,1.54,MU,2022-03-11 01:16:10
32,Uyemskiy,-38.2667,141.9667,291.25,53,69,4.52,AU,2022-03-11 01:16:10
33,Uyemskiy,-22.9661,-42.0278,298.64,85,1,10.79,BR,2022-03-11 01:16:11
34,Uyemskiy,-21.2078,-159.775,302.18,79,40,3.09,CK,2022-03-11 01:16:11
35,Uyemskiy,-11.1753,-61.9014,296.06,97,100,0.73,BR,2022-03-11 01:16:12
36,Uyemskiy,38.5167,-28.7,287.81,60,100,9.27,PT,2022-03-11 01:16:13
37,Uyemskiy,-8.145,159.5921,302.36,74,59,1.84,SB,2022-03-11 01:16:13
38,Uyemskiy,-53.15,-70.9167,287.21,67,75,5.66,CL,2022-03-11 01:16:14
39,Uyemskiy,47.6666,-52.7314,271.8,80,0,8.75,CA,2022-03-11 01:16:14
40,Uyemskiy,20.8947,-156.47,305.16,45,0,8.23,US,2022-03-11 01:16:15
41,Uyemskiy,-46.6,168.3333,293.6,64,100,3.74,NZ,2022-03-11 01:16:16
42,Uyemskiy,50.6789,156.125,272.65,93,100,7.34,RU,2022-03-11 01:16:16
43,Uyemskiy,-2.5744,150.7967,301.7,71,99,3.02,PG,2022-03-11 01:16:17
44,Uyemskiy,-24.8667,113.6333,302.19,70,0,4.12,AU,2022-03-11 01:16:17
45,Uyemskiy,42.6001,-73.9662,274.99,85,100,1.25,US,2022-03-11 01:13:52
46,Uyemskiy,-54.8,-68.3,280.05,83,13,3.62,AR,2022-03-11 01:12:57
47,Uyemskiy,71.2906,-156.7887,249.16,70,0,3.6,US,2022-03-11 01:16:19
48,Uyemskiy,40.5982,-124.1573,288.63,62,0,4.63,US,2022-03-11 01:16:19
49,Uyemskiy,10.3744,10.7288,298.16,22,15,3.44,NG,2022-03-11 01:17:20
50,Uyemskiy,21.4447,-157.8378,302.67,70,75,4.12,US,2022-03-11 01:17:21
51,Uyemskiy,-34.4187,19.2345,292.48,88,0,4.92,ZA,2022-03-11 01:17:21
52,Uyemskiy,69.4865,88.3972,239.22,98,68,3.36,RU,2022-03-11 01:17:22
53,Uyemskiy,29.5833,-9.5,284.51,80,0,0.55,MA,2022-03-11 01:17:23
54,Uyemskiy,38.9167,141.1333,281.35,59,68,1.56,JP,2022-03-11 01:13:39
55,Uyemskiy,-1.8283,-44.8683,296.02,97,100,0.83,BR,2022-03-11 01:17:23
56,Uyemskiy,50.3164,-122.8027,277.98,87,100,1.13,CA,2022-03-11 01:17:24
57,Uyemskiy,-33.8667,121.9,294.98,56,12,4.52,AU,2022-03-11 01:17:25
58,Uyemskiy,37.3667,118.0167,287.6,50,7,5.48,CN,2022-03-11 01:17:25
59,Uyemskiy,-34.4833,-54.3333,289.44,65,100,3.65,UY,2022-03-11 01:17:26
60,Uyemskiy,-42.7826,147.0587,294.63,43,10,0.89,AU,2022-03-11 01:17:26
61,Uyemskiy,-7.3817,108.2082,297.8,85,93,0.7,ID,2022-03-11 01:17:27
62,Uyemskiy,-17.7125,-39.2481,297.7,84,0,1.93,BR,2022-03-11 01:17:27
63,Uyemskiy,-3.8325,-45.1525,296.43,98,100,1.75,BR,2022-03-11 01:17:28
64,Uyemskiy,-21.2,-175.2,300.24,83,75,2.57,TO,2022-03-11 01:17:29
65,Uyemskiy,60.7167,-46.0333,254.19,87,1,1.93,GL,2022-03-11 01:17:29
66,Uyemskiy,42.097,-79.2353,272.6,55,100,0.89,US,2022-03-11 01:15:24
67,Uyemskiy,35.7178,52.065,280.69,81,100,2.26,IR,2022-03-11 01:17:30
68,Uyemskiy,22.6906,58.5334,294.48,45,0,1.49,OM,2022-03-11 01:17:31
69,Uyemskiy,42.0156,121.6589,279.89,22,0,4.03,CN,2022-03-11 01:17:31
70,Uyemskiy,32.6667,-17.1,291.52,76,87,2.6,PT,2022-03-11 01:17:32
71,Uyemskiy,-45.5752,-72.0662,286.49,82,75,1.54,CL,2022-03-11 01:15:08
72,Uyemskiy,70.6333,147.9167,249.72,98,100,2.85,RU,2022-03-11 01:17:33
73,Uyemskiy,-19.55,169.2667,302.46,69,15,2.86,VU,2022-03-11 01:17:33
74,Uyemskiy,5.768,20.6757,299.72,57,99,1.5,CF,2022-03-11 01:17:34
75,Uyemskiy,42.1584,-72.3287,275.9,76,75,0.0,US,2022-03-11 01:17:34
76,Uyemskiy,22.0752,-159.319,300.64,69,20,4.63,US,2022-03-11 01:17:35
77,Uyemskiy,47.6469,53.3463,271.45,95,100,4.69,KZ,2022-03-11 01:17:36
78,Uyemskiy,68.0531,39.5131,271.74,96,100,7.53,RU,2022-03-11 01:17:36
79,Uyemskiy,4.2833,21.0167,297.03,85,100,2.19,CD,2022-03-11 01:17:37
80,Uyemskiy,3.0707,172.7902,300.38,81,89,6.87,KI,2022-03-11 01:17:37
81,Uyemskiy,8.9,40.7833,290.75,42,100,2.69,ET,2022-03-11 01:17:38
82,Uyemskiy,5.4112,100.3354,301.11,83,20,1.54,MY,2022-03-11 01:13:08
83,Uyemskiy,-5.5569,-80.8222,297.69,69,100,6.8,PE,2022-03-11 01:17:39
84,Uyemskiy,10.9333,108.1,299.53,62,61,1.27,VN,2022-03-11 01:17:39
85,Uyemskiy,59.7035,30.7861,269.1,86,27,3.32,RU,2022-03-11 01:17:40
86,Uyemskiy,46.7833,22.1333,269.29,51,0,2.84,RO,2022-03-11 01:17:40
87,Uyemskiy,32.2163,-80.7526,291.47,92,100,4.12,US,2022-03-11 01:13:02
88,Uyemskiy,77.484,-69.3632,251.23,80,100,0.86,GL,2022-03-11 01:17:41
89,Uyemskiy,44.6453,-63.5724,274.94,93,100,5.14,CA,2022-03-11 01:15:17
90,Uyemskiy,-8.5833,116.1167,302.6,73,21,2.77,ID,2022-03-11 01:17:43
91,Uyemskiy,64.75,177.4833,266.43,62,0,6.0,RU,2022-03-11 01:17:44
92,Uyemskiy,46.4333,26.4,266.66,87,98,3.88,RO,2022-03-11 01:17:44
93,Uyemskiy,37.7966,12.4352,276.12,87,0,3.6,IT,2022-03-11 01:17:45
94,Uyemskiy,59.7,150.1667,269.83,69,100,2.88,RU,2022-03-11 01:17:45
95,Uyemskiy,-24.7911,-50.0119,291.67,96,100,0.75,BR,2022-03-11 01:17:46
96,Uyemskiy,-23.7,133.8833,302.71,20,0,5.14,AU,2022-03-11 01:18:46
97,Uyemskiy,64.5011,-165.4064,269.19,59,0,14.92,US,2022-03-11 01:18:47
98,Uyemskiy,61.4732,-6.8119,280.01,77,84,12.88,FO,2022-03-11 01:18:48
99,Uyemskiy,22.5667,59.5289,298.93,42,0,2.42,OM,2022-03-11 01:18:49
100,Uyemskiy,34.3833,131.2,286.91,54,100,3.08,JP,2022-03-11 01:18:49
101,Uyemskiy,13.6393,4.0287,300.4,15,30,4.64,NE,2022-03-11 01:18:50
102,Uyemskiy,72.7868,-56.1549,247.27,99,37,1.32,GL,2022-03-11 01:18:50
103,Uyemskiy,31.3705,119.8703,290.67,67,19,1.86,CN,2022-03-11 01:18:51
104,Uyemskiy,65.75,150.85,256.13,92,100,1.94,RU,2022-03-11 01:18:52
105,Uyemskiy,67.45,153.6833,257.93,91,100,1.48,RU,2022-03-11 01:18:52
106,Uyemskiy,71.9667,102.5,241.7,100,100,2.36,RU,2022-03-11 01:18:53
107,Uyemskiy,62.456,-114.3525,253.94,67,20,2.06,CA,2022-03-11 01:18:53
108,Uyemskiy,57.79,-152.4072,278.88,87,100,3.6,US,2022-03-11 01:18:54
109,Uyemskiy,-5.2246,145.7966,303.74,61,20,0.95,PG,2022-03-11 01:18:54
110,Uyemskiy,19.3833,74.65,296.05,49,6,1.32,IN,2022-03-11 01:18:55
111,Uyemskiy,-5.1989,-35.4608,300.47,75,100,6.05,BR,2022-03-11 01:18:56
112,Uyemskiy,19.7297,-155.09,300.51,77,75,5.66,US,2022-03-11 01:14:11
113,Uyemskiy,63.6023,53.8817,256.79,93,10,3.57,RU,2022-03-11 01:18:56
114,Uyemskiy,42.25,-2.5,278.03,78,100,3.16,ES,2022-03-11 01:18:57
115,Uyemskiy,-30.1811,-50.2056,296.54,87,100,1.78,BR,2022-03-11 01:18:58
116,Uyemskiy,-20.4081,57.7,299.31,89,40,1.54,MU,2022-03-11 01:18:58
117,Uyemskiy,36.2083,-115.9839,283.29,13,0,8.05,US,2022-03-11 01:18:23
118,Uyemskiy,-21.3585,55.7679,297.92,84,39,3.84,RE,2022-03-11 01:18:59
119,Uyemskiy,12.1791,125.5072,299.79,88,97,4.8,PH,2022-03-11 01:19:00
120,Uyemskiy,34.6391,-120.4579,294.33,58,0,6.71,US,2022-03-11 01:19:00
121,Uyemskiy,54.6333,-8.45,279.85,80,100,11.15,IE,2022-03-11 01:19:01
122,Uyemskiy,36.2126,57.6819,288.47,56,100,1.3,IR,2022-03-11 01:19:02
123,Uyemskiy,-2.0031,-49.8544,296.45,98,100,1.38,BR,2022-03-11 01:19:03
124,Uyemskiy,-19.9833,23.4167,292.97,63,98,2.8,BW,2022-03-11 01:19:04
125,Uyemskiy,-5.51,22.2667,293.27,86,100,0.9,CD,2022-03-11 01:19:05
126,Uyemskiy,32.5341,20.5791,284.29,59,39,6.05,LY,2022-03-11 01:19:05
127,Uyemskiy,-41.8697,-73.8203,287.16,91,12,1.72,CL,2022-03-11 01:19:06
128,Uyemskiy,-2.5447,14.7533,292.37,90,100,0.63,CG,2022-03-11 01:19:06
129,Uyemskiy,30.5092,117.0506,293.29,57,5,1.0,CN,2022-03-11 01:19:07
130,Uyemskiy,12.5847,-81.7006,300.16,78,75,3.09,CO,2022-03-11 01:19:08
131,Uyemskiy,36.2941,8.7666,279.53,87,20,2.06,TN,2022-03-11 01:19:09
132,Uyemskiy,-16.9167,145.7667,307.65,60,100,2.57,AU,2022-03-11 01:17:53
133,Uyemskiy,-28.55,16.4333,295.45,73,53,1.48,NA,2022-03-11 01:19:10
134,Uyemskiy,-16.5167,-151.75,300.5,71,22,4.68,PF,2022-03-11 01:19:10
135,Uyemskiy,56.8487,41.3883,261.49,98,96,0.71,RU,2022-03-11 01:19:11
136,Uyemskiy,69.4541,-133.0374,245.15,76,40,3.09,CA,2022-03-11 01:19:12
137,Uyemskiy,30.4833,-115.95,288.28,76,33,7.18,MX,2022-03-11 01:19:12
138,Uyemskiy,31.5604,-91.4032,287.84,54,0,2.06,US,2022-03-11 01:17:19
139,Uyemskiy,61.9875,5.1352,282.52,44,7,8.33,NO,2022-03-11 01:20:13
140,Uyemskiy,-29.4111,-66.8507,293.99,61,54,1.45,AR,2022-03-11 01:20:01
141,Uyemskiy,-16.4833,-151.75,300.5,71,22,4.66,PF,2022-03-11 01:20:14
142,Uyemskiy,22.8909,-109.9124,293.99,53,20,5.66,MX,2022-03-11 01:20:15
143,Uyemskiy,-0.7393,-90.3518,299.01,91,91,1.96,EC,2022-03-11 01:15:24
144,Uyemskiy,-43.3002,-65.1023,288.06,62,0,5.42,AR,2022-03-11 01:20:15
145,Uyemskiy,0.6,-80.0333,298.45,86,97,0.63,EC,2022-03-11 01:20:17
146,Uyemskiy,17.7626,121.7277,297.9,83,96,0.79,PH,2022-03-11 01:20:17
147,Uyemskiy,64.8621,11.2373,277.81,77,100,7.28,NO,2022-03-11 01:20:18
148,Uyemskiy,8.5,-82.4333,298.38,78,40,1.54,PA,2022-03-11 01:20:18
149,Uyemskiy,62.2266,-6.589,279.66,85,67,12.38,FO,2022-03-11 01:20:19
150,Uyemskiy,-19.5836,-65.7531,282.09,71,100,2.1,BO,2022-03-11 01:20:19
151,Uyemskiy,71.9167,114.0833,239.41,99,100,1.95,RU,2022-03-11 01:20:20
152,Uyemskiy,33.3317,-105.673,283.13,20,0,10.29,US,2022-03-11 01:20:21
153,Uyemskiy,39.0851,17.1178,281.03,61,40,6.37,IT,2022-03-11 01:20:21
154,Uyemskiy,63.05,179.3167,260.81,74,0,7.16,RU,2022-03-11 01:20:22
155,Uyemskiy,71.0357,27.8492,276.74,89,100,16.69,NO,2022-03-11 01:20:22
156,Uyemskiy,35.1333,140.3,287.92,49,1,5.73,JP,2022-03-11 01:20:23
157,Uyemskiy,42.2506,-75.833,277.04,68,0,1.54,US,2022-03-11 01:20:23
158,Uyemskiy,-22.35,16.1333,298.07,56,60,2.97,NA,2022-03-11 01:20:24
159,Uyemskiy,-33.6971,-53.4616,292.39,74,100,5.05,UY,2022-03-11 01:20:24
160,Uyemskiy,25.3833,-101.45,291.66,7,3,2.62,MX,2022-03-11 01:20:25
161,Uyemskiy,-37.6167,-73.65,287.8,87,6,9.73,CL,2022-03-11 01:20:26
162,Uyemskiy,47.4736,-94.8803,263.09,68,40,4.63,US,2022-03-11 01:20:26
163,Uyemskiy,69.3833,178.4167,262.72,78,2,3.43,RU,2022-03-11 01:20:27
164,Uyemskiy,-38.5473,-58.7368,289.16,66,51,4.69,AR,2022-03-11 01:17:30
165,Uyemskiy,58.9564,126.2925,258.95,92,100,1.05,RU,2022-03-11 01:20:27
166,Uyemskiy,6.1241,81.1185,297.73,83,90,2.81,LK,2022-03-11 01:20:28
167,Uyemskiy,-23.1333,150.7333,302.03,74,35,6.15,AU,2022-03-11 01:20:29
168,Uyemskiy,-14.2667,50.1667,297.67,92,100,2.47,MG,2022-03-11 01:20:29
169,Uyemskiy,-38.3739,-60.2798,286.53,72,12,3.08,AR,2022-03-11 01:20:30
170,Uyemskiy,53.9599,81.2093,255.81,93,96,3.35,RU,2022-03-11 01:20:30
171,Uyemskiy,12.0564,-61.7485,299.97,74,75,9.26,GD,2022-03-11 01:19:55
172,Uyemskiy,18.6853,12.9164,292.98,24,0,5.06,NE,2022-03-11 01:20:31
173,Uyemskiy,16.4333,80.55,296.13,77,0,0.8,IN,2022-03-11 01:20:32
174,Uyemskiy,-33.0117,17.9442,291.18,87,3,2.79,ZA,2022-03-11 01:20:32
175,Uyemskiy,34.5667,76.1,255.68,79,86,1.14,IN,2022-03-11 01:20:33
176,Uyemskiy,-13.7,-76.2167,294.18,83,0,2.57,PE,2022-03-11 01:20:34
177,Uyemskiy,-34.0033,24.7314,290.78,95,0,2.37,ZA,2022-03-11 01:20:34
178,Uyemskiy,78.2186,15.6401,263.31,92,100,3.7,SJ,2022-03-11 01:20:35
179,Uyemskiy,26.326,43.975,298.4,32,100,4.13,SA,2022-03-11 01:20:35
180,Uyemskiy,17.4924,44.1277,292.51,39,91,2.99,SA,2022-03-11 01:20:36
181,Uyemskiy,45.3873,4.2907,279.43,76,75,3.09,FR,2022-03-11 01:20:36
182,Uyemskiy,39.1834,-84.5333,280.98,62,0,0.0,US,2022-03-11 01:20:37
183,Uyemskiy,14.9215,-23.5087,293.73,79,1,7.57,CV,2022-03-11 01:20:38
184,Uyemskiy,46.5389,138.3297,277.61,90,20,2.59,RU,2022-03-11 01:21:38
185,Uyemskiy,-22.116,14.2845,292.31,85,97,2.17,NA,2022-03-11 01:21:39
186,Uyemskiy,64.2539,-15.2082,280.53,93,100,13.04,IS,2022-03-11 01:21:39
187,Uyemskiy,-15.8631,-38.8828,298.57,83,11,2.76,BR,2022-03-11 01:21:40
188,Uyemskiy,65.6145,-37.6368,268.56,76,100,7.98,GL,2022-03-11 01:21:41
189,Uyemskiy,65.282,-126.8329,252.17,59,75,2.57,CA,2022-03-11 01:21:41
190,Uyemskiy,41.1702,75.8106,269.98,60,100,1.09,KG,2022-03-11 01:21:42
191,Uyemskiy,-21.3393,55.4781,297.97,79,0,3.09,RE,2022-03-11 01:21:42
192,Uyemskiy,45.0205,-93.218,268.6,53,0,4.12,US,2022-03-11 01:21:43
193,Uyemskiy,-18.0607,13.84,295.77,56,53,1.13,NA,2022-03-11 01:21:44
194,Uyemskiy,8.2,-59.7833,295.77,97,100,1.48,GY,2022-03-11 01:21:44
195,Uyemskiy,53.1333,132.9,262.29,93,100,2.55,RU,2022-03-11 01:21:45
196,Uyemskiy,3.4836,34.1492,294.54,44,53,4.17,UG,2022-03-11 01:21:45
197,Uyemskiy,54.4333,113.6,257.28,80,5,0.84,RU,2022-03-11 01:21:46
198,Uyemskiy,4.9333,-52.3333,300.42,56,75,1.79,GF,2022-03-11 01:21:47
199,Uyemskiy,56.1667,91.8167,250.38,99,100,1.25,RU,2022-03-11 01:21:47
200,Uyemskiy,67.6803,53.1512,261.47,92,100,8.76,RU,2022-03-11 01:21:48
201,Uyemskiy,47.3821,-61.8597,273.18,69,0,7.72,CA,2022-03-11 01:21:48
202,Uyemskiy,-9.8317,-45.3439,296.17,86,80,0.46,BR,2022-03-11 01:21:49
203,Uyemskiy,4.1363,96.1285,297.9,89,100,2.09,ID,2022-03-11 01:21:49
204,Uyemskiy,-0.9131,122.8766,300.79,76,27,0.95,ID,2022-03-11 01:21:50
205,Uyemskiy,31.7561,25.0865,283.9,56,7,9.35,LY,2022-03-11 01:21:50
206,Uyemskiy,12.6664,100.9007,301.2,83,20,1.03,TH,2022-03-11 01:21:51
207,Uyemskiy,28.4769,-16.4102,286.35,77,100,7.72,ES,2022-03-11 01:21:52
208,Uyemskiy,-13.9652,28.6809,289.63,98,31,1.82,ZM,2022-03-11 01:21:52
209,Uyemskiy,4.375,-7.7169,299.99,89,73,3.51,LR,2022-03-11 01:21:53
210,Uyemskiy,41.2192,31.9558,272.44,97,100,1.63,TR,2022-03-11 01:21:53
211,Uyemskiy,28.7079,80.5961,289.05,49,1,1.55,NP,2022-03-11 01:21:54
212,Uyemskiy,73.5069,80.5464,247.28,97,70,7.81,RU,2022-03-11 01:21:54
213,Uyemskiy,64.3833,-173.3,267.24,68,0,18.0,RU,2022-03-11 01:21:55
214,Uyemskiy,9.1769,105.15,300.2,67,48,2.7,VN,2022-03-11 01:21:56
215,Uyemskiy,45.1667,10.7833,279.73,75,73,3.58,IT,2022-03-11 01:21:57
216,Uyemskiy,33.1284,-107.2528,289.28,16,0,8.23,US,2022-03-11 01:21:57
217,Uyemskiy,-37.8333,140.7667,291.74,48,80,2.72,AU,2022-03-11 01:21:58
218,Uyemskiy,18.3851,42.4509,290.44,67,100,1.94,SA,2022-03-11 01:21:58
219,Uyemskiy,49.6213,37.7036,264.01,93,99,6.73,UA,2022-03-11 01:21:59
220,Uyemskiy,34.9833,139.8667,287.14,54,4,4.22,JP,2022-03-11 01:21:59
221,Uyemskiy,18.0264,-77.8487,298.32,78,2,3.16,JM,2022-03-11 01:22:00
222,Uyemskiy,33.194,-82.5271,284.88,86,100,4.2,US,2022-03-11 01:22:00
223,Uyemskiy,-17.7333,-149.15,300.54,70,24,4.53,PF,2022-03-11 01:22:01
224,Uyemskiy,16.7833,94.7333,299.15,68,75,2.81,MM,2022-03-11 01:22:02
225,Uyemskiy,58.3758,58.3211,251.89,98,21,1.92,RU,2022-03-11 01:22:03
226,Uyemskiy,-7.4706,-34.8086,300.48,72,92,5.19,BR,2022-03-11 01:22:04
227,Uyemskiy,58.8275,44.3178,261.25,98,91,1.97,RU,2022-03-11 01:23:04
228,Uyemskiy,20.7,-105.2,295.72,60,0,4.63,MX,2022-03-11 01:23:06
229,Uyemskiy,68.75,161.3,264.84,75,79,2.89,RU,2022-03-11 01:23:06
230,Uyemskiy,45.7056,39.5932,271.85,86,100,6.64,RU,2022-03-11 01:23:07
231,Uyemskiy,61.8699,28.88,273.18,80,100,4.63,FI,2022-03-11 01:23:08
232,Uyemskiy,31.2156,29.9553,286.13,58,40,6.69,EG,2022-03-11 01:22:52
233,Uyemskiy,35.174,-2.9287,284.29,87,0,1.03,MA,2022-03-11 01:23:10
234,Uyemskiy,22.2855,114.1577,296.62,77,63,5.36,HK,2022-03-11 01:21:26
235,Uyemskiy,-12.0667,134.2667,304.42,64,100,1.64,AU,2022-03-11 01:23:12
236,Uyemskiy,40.8044,140.4414,281.44,94,100,3.16,JP,2022-03-11 01:23:13
237,Uyemskiy,-28.8667,153.5667,293.16,99,100,4.2,AU,2022-03-11 01:23:14
238,Uyemskiy,52.877,42.7663,258.35,90,92,6.04,RU,2022-03-11 01:23:15
239,Uyemskiy,11.2725,-73.3091,298.88,83,42,1.73,CO,2022-03-11 01:23:15
240,Uyemskiy,54.675,20.1347,267.18,49,77,3.38,RU,2022-03-11 01:23:16
241,Uyemskiy,16.6362,1.637,297.34,12,10,5.11,ML,2022-03-11 01:18:46
242,Uyemskiy,-1.2854,29.685,288.02,71,100,1.57,UG,2022-03-11 01:23:17
243,Uyemskiy,36.8387,54.4348,280.13,100,100,2.06,IR,2022-03-11 01:23:18
244,Uyemskiy,37.2353,39.7631,279.66,95,100,4.04,TR,2022-03-11 01:23:19
245,Uyemskiy,51.9419,1.2844,283.15,75,16,3.58,GB,2022-03-11 01:23:19
246,Uyemskiy,13.2167,-59.5167,299.49,78,40,10.8,BB,2022-03-11 01:23:20
247,Uyemskiy,27.6239,110.0989,292.36,76,0,1.46,CN,2022-03-11 01:23:20
248,Uyemskiy,-3.8004,102.2655,298.88,84,99,1.54,ID,2022-03-11 01:23:21
249,Uyemskiy,-9.6658,-35.7353,297.84,88,40,1.03,BR,2022-03-11 01:21:50
250,Uyemskiy,38.4953,102.1739,282.33,36,100,2.92,CN,2022-03-11 01:23:23
251,Uyemskiy,-17.8786,36.8883,297.74,82,100,2.22,MZ,2022-03-11 01:23:24
252,Uyemskiy,63.4427,-20.2734,280.88,81,100,11.38,IS,2022-03-11 01:23:25
253,Uyemskiy,59.1167,159.9667,269.92,68,8,4.05,RU,2022-03-11 01:23:25
254,Uyemskiy,69.4719,25.5112,275.32,79,100,10.29,NO,2022-03-11 01:23:26
255,Uyemskiy,34.3989,-119.5185,294.09,46,0,1.41,US,2022-03-11 01:23:25
256,Uyemskiy,4.4148,114.0089,301.23,78,20,2.57,MY,2022-03-11 01:23:27
257,Uyemskiy,64.8378,-147.7164,268.32,60,100,7.72,US,2022-03-11 01:23:27
258,Uyemskiy,58.8053,-122.7002,261.92,48,75,4.12,CA,2022-03-11 01:23:28
259,Uyemskiy,42.7846,75.6892,277.94,71,100,2.03,KG,2022-03-11 01:23:28
260,Uyemskiy,14.7328,-6.1219,299.46,10,0,4.84,ML,2022-03-11 01:23:29
261,Uyemskiy,43.4832,-8.2369,283.9,86,100,9.55,ES,2022-03-11 01:23:30
262,Uyemskiy,-46.1333,167.6833,293.04,63,100,3.02,NZ,2022-03-11 01:23:30
263,Uyemskiy,39.2858,-2.7921,281.14,65,77,4.22,ES,2022-03-11 01:23:31
264,Uyemskiy,59.6425,-151.5483,279.09,70,100,2.57,US,2022-03-11 01:19:40
265,Uyemskiy,-41.45,147.1667,293.49,47,6,2.57,AU,2022-03-11 01:23:32
266,Uyemskiy,-11.0964,-77.6139,295.58,82,93,3.44,PE,2022-03-11 01:23:33
267,Uyemskiy,71.6872,128.8694,248.47,98,100,1.38,RU,2022-03-11 01:23:33
268,Uyemskiy,38.8876,-76.5119,281.53,75,100,1.54,US,2022-03-11 01:23:35
269,Uyemskiy,25.2631,63.471,296.2,71,0,1.85,PK,2022-03-11 01:23:35
270,Uyemskiy,-41.4122,175.5153,294.86,55,2,2.49,NZ,2022-03-11 01:23:36
271,Uyemskiy,57.0531,-135.33,279.09,75,100,7.2,US,2022-03-11 01:24:37
272,Uyemskiy,33.5928,-7.6192,283.27,89,1,2.06,MA,2022-03-11 01:24:37
273,Uyemskiy,-35.5667,138.6167,292.04,71,79,4.02,AU,2022-03-11 01:24:38
274,Uyemskiy,28.6585,-17.9182,288.01,83,0,3.09,ES,2022-03-11 01:24:39
275,Uyemskiy,-2.0226,147.2712,302.01,69,100,1.47,PG,2022-03-11 01:24:39
276,Uyemskiy,61.994,-49.6678,254.47,92,60,5.57,GL,2022-03-11 01:24:40
277,Uyemskiy,-5.55,12.2,299.38,84,100,0.03,AO,2022-03-11 01:24:41
278,Uyemskiy,-45.8742,170.5036,292.48,73,100,2.24,NZ,2022-03-11 01:24:41
279,Uyemskiy,-18.4733,-47.2003,293.24,72,67,1.59,BR,2022-03-11 01:24:42
280,Uyemskiy,69.2167,-51.1,258.16,61,75,4.63,GL,2022-03-11 01:24:42
281,Uyemskiy,-26.7852,-60.4388,293.17,94,100,3.32,AR,2022-03-11 01:24:43
282,Uyemskiy,8.5332,28.1004,304.01,27,100,3.64,SS,2022-03-11 01:24:43
283,Uyemskiy,21.3156,-158.0072,302.8,58,40,4.63,US,2022-03-11 01:22:59
284,Uyemskiy,52.862,4.834,281.15,68,6,6.71,NL,2022-03-11 01:24:44
285,Uyemskiy,51.6667,75.3667,254.09,99,90,2.88,KZ,2022-03-11 01:24:45
286,Uyemskiy,40.0936,113.2914,281.66,42,100,2.07,CN,2022-03-11 01:24:45
287,Uyemskiy,68.3751,17.5988,278.18,95,100,2.7,NO,2022-03-11 01:24:46
288,Uyemskiy,37.5683,126.9778,280.91,66,75,1.54,KR,2022-03-11 01:23:12
289,Uyemskiy,-32.035,-52.0986,294.23,82,99,5.86,BR,2022-03-11 01:24:47
290,Uyemskiy,27.2696,31.1511,284.27,39,3,3.75,EG,2022-03-11 01:24:48
291,Uyemskiy,66.0,111.5,255.87,96,100,1.66,RU,2022-03-11 01:24:48
292,Uyemskiy,25.0213,37.2685,293.74,48,97,9.99,SA,2022-03-11 01:24:49
293,Uyemskiy,17.0151,54.0924,294.97,52,0,0.85,OM,2022-03-11 01:24:50
294,Uyemskiy,-6.6447,-51.995,295.41,96,100,0.7,BR,2022-03-11 01:24:51
295,Uyemskiy,13.7796,124.39,300.26,81,44,3.78,PH,2022-03-11 01:24:51
296,Uyemskiy,39.2446,55.5154,282.37,67,100,4.15,TM,2022-03-11 01:24:52
297,Uyemskiy,35.5333,134.8333,285.18,54,0,2.06,JP,2022-03-11 01:24:53
298,Uyemskiy,-28.8667,153.05,293.03,100,100,3.6,AU,2022-03-11 01:24:54
299,Uyemskiy,70.0513,24.9718,279.05,61,99,6.17,NO,2022-03-11 01:24:54
300,Uyemskiy,27.1467,57.0801,292.33,94,10,0.0,IR,2022-03-11 01:24:55
301,Uyemskiy,38.731,113.228,283.42,51,100,2.34,CN,2022-03-11 01:24:56
302,Uyemskiy,15.751,99.7893,302.79,55,8,1.17,TH,2022-03-11 01:24:56
303,Uyemskiy,-8.19,114.9675,301.5,77,39,2.14,ID,2022-03-11 01:24:57
304,Uyemskiy,67.667,12.6934,278.64,91,100,6.51,NO,2022-03-11 01:24:58
305,Uyemskiy,21.8667,75.95,296.76,35,6,1.61,IN,2022-03-11 01:24:58
306,Uyemskiy,36.8197,21.7049,277.07,70,34,3.67,GR,2022-03-11 01:24:59
307,Uyemskiy,43.9098,67.2495,282.82,79,100,6.71,KZ,2022-03-11 01:24:59
308,Uyemskiy,17.9583,-102.2,297.13,70,1,3.59,MX,2022-03-11 01:20:07
309,Uyemskiy,51.932,108.0747,263.01,80,100,2.19,RU,2022-03-11 01:25:00
310,Uyemskiy,9.9022,4.4192,303.84,27,100,0.94,NG,2022-03-11 01:25:01
311,Uyemskiy,33.7333,135.9833,288.1,52,100,1.13,JP,2022-03-11 01:25:02
312,Uyemskiy,64.0049,-22.5624,280.39,93,75,10.8,IS,2022-03-11 01:25:03
313,Uyemskiy,33.5383,70.3462,287.5,42,8,1.9,PK,2022-03-11 01:25:04
314,Uyemskiy,60.1432,-45.2371,259.96,72,0,3.15,GL,2022-03-11 01:25:05
315,Uyemskiy,68.2191,-135.0107,250.47,95,96,2.31,CA,2022-03-11 01:25:06
316,Uyemskiy,42.7297,133.0839,277.92,77,1,3.98,RU,2022-03-11 01:26:06
317,Uyemskiy,-22.9575,14.5053,289.68,88,16,2.06,NA,2022-03-11 01:26:07
318,Uyemskiy,0.0487,18.2603,293.99,96,100,2.37,CD,2022-03-11 01:26:07
319,Uyemskiy,39.05,-27.9833,287.04,60,100,9.08,PT,2022-03-11 01:26:08
320,Uyemskiy,10.9995,122.6711,301.97,73,29,3.48,PH,2022-03-11 01:26:09
321,Uyemskiy,46.5927,-112.0361,270.7,41,0,6.17,US,2022-03-11 01:26:05
322,Uyemskiy,14.35,121.0167,301.72,73,75,1.54,PH,2022-03-11 01:26:10
323,Uyemskiy,-24.5333,32.9833,293.34,95,11,2.42,MZ,2022-03-11 01:26:11
324,Uyemskiy,-20.7377,116.8463,305.87,47,2,2.73,AU,2022-03-11 01:26:11
325,Uyemskiy,-6.2608,-36.5178,297.46,74,100,7.11,BR,2022-03-11 01:26:12
326,Uyemskiy,-28.7667,114.6,305.38,23,0,1.54,AU,2022-03-11 01:26:12
327,Uyemskiy,65.5833,-171.0,262.64,68,0,6.53,RU,2022-03-11 01:26:13
328,Uyemskiy,21.2833,-88.9333,300.04,69,45,1.99,MX,2022-03-11 01:26:14
329,Uyemskiy,-1.2154,10.5838,296.61,99,100,0.86,GA,2022-03-11 01:26:15
330,Uyemskiy,-45.4167,167.7167,291.35,75,98,3.06,NZ,2022-03-11 01:26:16
331,Uyemskiy,24.6333,-101.4167,289.52,6,0,4.48,MX,2022-03-11 01:26:17
332,Uyemskiy,-3.1374,142.3475,302.77,65,28,1.22,PG,2022-03-11 01:23:17
333,Uyemskiy,63.8986,122.7617,250.4,98,100,0.96,RU,2022-03-11 01:26:18
334,Uyemskiy,-26.6481,15.1594,294.31,74,5,0.73,NA,2022-03-11 01:26:18
335,Uyemskiy,35.7333,140.8333,289.42,69,81,6.77,JP,2022-03-11 01:26:19
336,Uyemskiy,66.7697,123.3711,250.4,91,97,1.14,RU,2022-03-11 01:26:20
337,Uyemskiy,40.4272,71.7189,282.55,81,77,1.03,UZ,2022-03-11 01:26:20
338,Uyemskiy,21.4022,-157.7394,302.82,79,43,1.79,US,2022-03-11 01:26:21
339,Uyemskiy,-19.9842,57.6142,298.41,88,3,0.89,MU,2022-03-11 01:26:22
340,Uyemskiy,-9.4333,159.95,303.08,70,100,1.91,SB,2022-03-11 01:26:22
341,Uyemskiy,11.2833,-15.8333,297.42,73,42,7.33,GW,2022-03-11 01:26:23
342,Uyemskiy,45.6285,-1.0281,283.59,84,100,9.72,FR,2022-03-11 01:26:24
343,Uyemskiy,-20.5167,57.5167,299.36,89,40,1.54,MU,2022-03-11 01:26:24
344,Uyemskiy,26.8568,85.5581,291.5,44,0,1.51,NP,2022-03-11 01:26:25
345,Uyemskiy,30.4397,48.1664,295.13,68,0,5.14,IR,2022-03-11 01:26:25
346,Uyemskiy,-34.6132,-58.3772,293.68,66,0,5.66,AR,2022-03-11 01:25:57
347,Uyemskiy,47.8667,88.1167,268.86,93,76,1.13,CN,2022-03-11 01:26:26
348,Uyemskiy,25.85,78.9167,293.13,38,2,1.33,IN,2022-03-11 01:26:27
349,Uyemskiy,27.6667,-105.1667,294.43,6,100,9.76,MX,2022-03-11 01:26:27
350,Uyemskiy,26.7292,33.9365,288.31,39,6,8.65,EG,2022-03-11 01:26:28
351,Uyemskiy,50.6938,29.6193,265.7,71,6,5.29,UA,2022-03-11 01:26:28
352,Uyemskiy,14.2,24.6667,291.03,31,99,6.87,SD,2022-03-11 01:26:29
353,Uyemskiy,-1.195,-46.02,296.99,94,79,1.36,BR,2022-03-11 01:26:29
354,Uyemskiy,66.0449,-17.3389,276.5,88,100,4.97,IS,2022-03-11 01:26:30
355,Uyemskiy,45.3167,55.2,278.81,93,100,2.05,KZ,2022-03-11 01:26:30
356,Uyemskiy,-40.8135,-62.9967,288.23,64,6,3.48,AR,2022-03-11 01:26:31
357,Uyemskiy,34.6667,138.95,288.35,56,35,3.35,JP,2022-03-11 01:26:32
358,Uyemskiy,37.8333,12.6667,275.2,87,0,3.6,IT,2022-03-11 01:26:32
359,Uyemskiy,42.7762,-9.0603,284.31,88,96,8.69,ES,2022-03-11 01:26:33
360,Uyemskiy,43.4065,-124.2243,286.44,80,20,5.14,US,2022-03-11 01:26:33
361,Uyemskiy,-6.2167,155.6333,302.98,67,84,2.52,PG,2022-03-11 01:27:34
362,Uyemskiy,15.1333,-23.2167,294.38,77,1,8.86,CV,2022-03-11 01:27:35
363,Uyemskiy,39.484,26.9278,274.2,60,40,7.72,TR,2022-03-11 01:27:35
364,Uyemskiy,-10.4,40.3333,297.85,89,100,3.44,TZ,2022-03-11 01:27:36
365,Uyemskiy,-14.0833,-70.4333,276.43,93,98,1.54,PE,2022-03-11 01:27:36
366,Uyemskiy,-20.7333,139.5,309.02,15,6,5.66,AU,2022-03-11 01:27:37
367,Uyemskiy,3.8653,-67.9239,298.57,85,88,1.26,CO,2022-03-11 01:27:37
368,Uyemskiy,14.7308,0.9174,300.04,7,10,4.63,NE,2022-03-11 01:27:38
369,Uyemskiy,26.5881,127.9761,294.39,68,100,4.69,JP,2022-03-11 01:27:39
370,Uyemskiy,35.2,26.0986,278.7,61,90,13.37,GR,2022-03-11 01:27:39
371,Uyemskiy,-28.2939,-49.9317,289.13,99,100,1.16,BR,2022-03-11 01:27:40
372,Uyemskiy,23.6137,114.1919,294.92,61,0,0.51,CN,2022-03-11 01:27:40
373,Uyemskiy,-21.15,149.2,304.08,74,75,4.63,AU,2022-03-11 01:27:41
374,Uyemskiy,7.1333,40.7,287.45,55,89,1.29,ET,2022-03-11 01:27:41
375,Uyemskiy,-1.9417,-54.7383,296.25,92,99,1.08,BR,2022-03-11 01:27:42
376,Uyemskiy,66.9395,-53.6735,249.7,95,47,2.19,GL,2022-03-11 01:27:42
377,Uyemskiy,-6.8367,-79.9342,295.63,80,100,5.66,PE,2022-03-11 01:27:43
378,Uyemskiy,22.3384,90.7419,296.05,46,100,2.25,BD,2022-03-11 01:27:44
379,Uyemskiy,-21.3667,55.6167,297.36,83,21,3.92,RE,2022-03-11 01:27:44
380,Uyemskiy,48.6499,-53.1147,271.46,79,69,8.13,CA,2022-03-11 01:27:45
381,Uyemskiy,45.6333,85.1833,273.82,86,100,3.21,CN,2022-03-11 01:27:46
382,Uyemskiy,53.9202,102.0442,260.19,93,100,1.72,RU,2022-03-11 01:27:46
383,Uyemskiy,16.0678,108.2208,299.14,65,20,0.51,VN,2022-03-11 01:27:47
384,Uyemskiy,64.8945,-23.7142,277.52,93,100,7.62,IS,2022-03-11 01:27:47
385,Uyemskiy,60.4667,166.1,261.16,80,6,4.61,RU,2022-03-11 01:27:48
386,Uyemskiy,53.9353,139.9242,263.73,92,100,3.83,RU,2022-03-11 01:27:48
387,Uyemskiy,48.0056,91.6419,267.58,50,0,6.24,MN,2022-03-11 01:27:49
388,Uyemskiy,67.8006,130.4114,254.38,95,100,1.42,RU,2022-03-11 01:27:49
389,Uyemskiy,-8.9266,125.4092,295.19,64,15,0.87,TL,2022-03-11 01:27:50
390,Uyemskiy,-30.5983,-71.2003,295.92,47,0,1.5,CL,2022-03-11 01:27:51
391,Uyemskiy,43.826,-111.7897,266.88,92,78,0.61,US,2022-03-11 01:27:51
392,Uyemskiy,60.7161,-135.0538,273.58,69,100,10.29,CA,2022-03-11 01:27:44
393,Uyemskiy,-28.783,32.0377,295.39,92,6,1.65,ZA,2022-03-11 01:27:52
394,Uyemskiy,2.3,111.8167,298.32,94,20,1.54,MY,2022-03-11 01:24:11
395,Uyemskiy,44.0461,26.0642,270.31,56,8,5.44,RO,2022-03-11 01:27:53
396,Uyemskiy,8.4167,-10.8333,296.54,80,5,0.9,SL,2022-03-11 01:27:53
397,Uyemskiy,-35.1667,173.1667,296.64,56,83,4.65,NZ,2022-03-11 01:27:54
398,Uyemskiy,55.7435,-97.8558,253.24,54,75,6.69,CA,2022-03-11 01:24:38
399,Uyemskiy,31.2136,-82.354,290.18,96,75,0.0,US,2022-03-11 01:27:55
400,Uyemskiy,42.975,144.3747,273.68,86,75,2.57,JP,2022-03-11 01:26:36
401,Uyemskiy,-2.6741,141.3028,302.65,64,100,0.47,PG,2022-03-11 01:27:56
402,Uyemskiy,45.5234,-122.6762,284.26,41,75,2.06,US,2022-03-11 01:25:03
403,Uyemskiy,11.6667,92.75,299.17,94,20,1.03,IN,2022-03-11 01:27:57
404,Uyemskiy,64.8569,-147.8028,268.31,60,75,7.72,US,2022-03-11 01:27:57
405,Uyemskiy,-34.6534,-58.6198,293.14,70,0,2.0,AR,2022-03-11 01:27:58
406,Uyemskiy,60.1496,15.1878,273.04,92,23,2.94,SE,2022-03-11 01:27:58
407,Uyemskiy,-13.2,49.05,296.42,98,100,0.31,MG,2022-03-11 01:27:59
408,Uyemskiy,26.8833,80.8,290.12,94,5,2.06,IN,2022-03-11 01:27:59
409,Uyemskiy,5.3505,48.5268,298.28,68,100,5.19,SO,2022-03-11 01:28:00
410,Uyemskiy,50.2334,-63.5986,272.15,80,0,8.75,CA,2022-03-11 01:29:00
411,Uyemskiy,-3.8367,-62.0569,295.87,97,100,1.25,BR,2022-03-11 01:29:01
412,Uyemskiy,-34.6515,-59.4307,289.74,54,0,2.9,AR,2022-03-11 01:29:02
413,Uyemskiy,50.0334,-66.8654,270.21,77,4,5.17,CA,2022-03-11 01:26:44
414,Uyemskiy,-34.5833,150.8552,296.58,58,13,1.34,AU,2022-03-11 01:29:03
415,Uyemskiy,-32.8472,27.4422,289.3,96,0,1.08,ZA,2022-03-11 01:29:03
416,Uyemskiy,47.674,-122.1215,281.83,46,100,0.45,US,2022-03-11 01:29:04
417,Uyemskiy,53.2556,-4.3106,281.33,70,96,5.66,GB,2022-03-11 01:29:05
418,Uyemskiy,44.3683,-100.351,270.66,61,0,8.49,US,2022-03-11 01:24:17
419,Uyemskiy,70.9821,25.9704,277.21,82,85,19.21,NO,2022-03-11 01:29:06
420,Uyemskiy,58.6031,125.3894,257.91,91,100,1.41,RU,2022-03-11 01:29:07
421,Uyemskiy,28.6835,-17.7642,290.23,72,0,3.09,ES,2022-03-11 01:29:07
422,Uyemskiy,40.922,14.5329,283.07,58,9,2.43,IT,2022-03-11 01:29:08
423,Uyemskiy,20.5022,-10.0711,291.26,13,0,5.56,MR,2022-03-11 01:29:09
424,Uyemskiy,31.6,131.3667,287.97,57,100,2.6,JP,2022-03-11 01:29:09
425,Uyemskiy,15.2833,-92.7,298.23,74,29,1.06,MX,2022-03-11 01:29:10
426,Uyemskiy,61.67,96.37,243.1,100,88,1.16,RU,2022-03-11 01:29:11
427,Uyemskiy,10.5669,72.642,300.98,71,18,2.41,IN,2022-03-11 01:29:12
428,Uyemskiy,51.1494,15.0084,272.09,47,3,1.79,PL,2022-03-11 01:29:12
429,Uyemskiy,64.1835,-51.7216,249.08,88,17,2.96,GL,2022-03-11 01:27:09
430,Uyemskiy,44.8755,-91.9193,268.17,54,65,3.09,US,2022-03-11 01:29:13
431,Uyemskiy,4.1667,11.5333,295.08,86,100,1.6,CM,2022-03-11 01:29:14
432,Uyemskiy,9.2,12.4833,301.37,18,100,1.59,NG,2022-03-11 01:29:15
433,Uyemskiy,63.9167,24.9667,273.53,92,100,4.05,FI,2022-03-11 01:29:15
434,Uyemskiy,-8.345,113.6058,300.49,77,75,0.81,ID,2022-03-11 01:29:16
435,Uyemskiy,37.7167,-25.4333,287.38,69,100,5.54,PT,2022-03-11 01:29:16
436,Uyemskiy,51.1501,-108.7514,254.22,83,62,5.96,CA,2022-03-11 01:29:17
437,Uyemskiy,-28.0,153.4333,299.95,89,75,3.09,AU,2022-03-11 01:26:33
438,Uyemskiy,61.3482,16.3946,273.64,83,97,5.43,SE,2022-03-11 01:29:18
439,Uyemskiy,52.4503,64.6311,257.87,90,100,5.6,KZ,2022-03-11 01:29:19
440,Uyemskiy,59.3875,9.1737,275.97,91,100,0.66,NO,2022-03-11 01:29:20
441,Uyemskiy,54.8167,54.0,254.08,100,97,2.45,RU,2022-03-11 01:29:21
442,Uyemskiy,31.61,34.7642,283.53,100,99,9.48,IL,2022-03-11 01:27:00
443,Uyemskiy,34.4,131.4167,287.2,49,100,2.69,JP,2022-03-11 01:29:22
444,Uyemskiy,62.6012,29.7632,273.42,87,100,4.12,FI,2022-03-11 01:29:22
445,Uyemskiy,10.5835,-61.1177,298.81,87,75,4.08,TT,2022-03-11 01:29:23
446,Uyemskiy,4.7059,-74.2302,285.2,82,20,1.54,CO,2022-03-11 01:28:39
447,Uyemskiy,13.0833,109.3,296.4,79,56,3.61,VN,2022-03-11 01:27:55
448,Uyemskiy,41.4853,12.6179,283.33,86,10,4.67,IT,2022-03-11 01:29:25
449,Uyemskiy,-9.6567,120.2641,301.54,79,90,2.86,ID,2022-03-11 01:29:25
450,Uyemskiy,-6.8844,112.2051,300.38,77,27,2.39,ID,2022-03-11 01:29:26
451,Uyemskiy,36.8163,50.8738,283.12,97,100,2.99,IR,2022-03-11 01:29:26
452,Uyemskiy,-9.0763,143.2092,301.83,75,68,2.58,PG,2022-03-11 01:29:27
453,Uyemskiy,7.5264,-12.505,297.9,89,31,2.57,SL,2022-03-11 01:29:28
454,Uyemskiy,29.7226,112.419,293.23,67,0,2.92,CN,2022-03-11 01:29:28
455,Uyemskiy,-19.0595,-169.9187,299.09,89,75,3.6,NU,2022-03-11 01:29:29
456,Uyemskiy,9.4942,50.8122,296.98,75,100,4.0,SO,2022-03-11 01:30:29
457,Uyemskiy,-35.35,150.4667,295.8,59,14,2.58,AU,2022-03-11 01:30:30
458,Uyemskiy,39.8161,109.9776,283.8,57,100,5.53,CN,2022-03-11 01:30:30
459,Uyemskiy,46.0833,125.9833,272.16,73,2,6.84,CN,2022-03-11 01:30:31
460,Uyemskiy,7.9803,49.8164,295.49,78,97,3.62,SO,2022-03-11 01:30:32
461,Uyemskiy,-31.6333,-60.7,294.81,80,57,2.02,AR,2022-03-11 01:27:36
462,Uyemskiy,-8.7676,160.7034,301.33,79,100,2.23,SB,2022-03-11 01:30:33
463,Uyemskiy,51.2585,-80.6094,252.14,65,0,1.54,CA,2022-03-11 01:30:33
464,Uyemskiy,-4.6476,39.3817,298.02,84,100,2.67,KE,2022-03-11 01:30:34
465,Uyemskiy,60.0625,71.4789,241.13,100,98,0.67,RU,2022-03-11 01:30:35
466,Uyemskiy,31.3167,-113.5333,290.32,80,1,4.92,MX,2022-03-11 01:30:35
467,Uyemskiy,5.3833,-52.95,298.12,86,100,3.62,GF,2022-03-11 01:30:36
468,Uyemskiy,18.8667,79.2167,299.18,35,3,0.5,IN,2022-03-11 01:30:36
469,Uyemskiy,40.909,-73.0651,278.23,83,75,1.34,US,2022-03-11 01:30:37
470,Uyemskiy,53.2168,-106.4011,253.72,84,100,5.36,CA,2022-03-11 01:30:38
471,Uyemskiy,21.4694,-158.2175,302.78,57,75,4.63,US,2022-03-11 01:30:38
472,Uyemskiy,52.7834,-108.2847,255.2,60,0,6.17,CA,2022-03-11 01:30:16
473,Uyemskiy,69.4058,86.1778,238.59,100,98,2.77,RU,2022-03-11 01:30:39
474,Uyemskiy,18.4167,-64.6167,299.17,73,40,5.14,VG,2022-03-11 01:30:40
475,Uyemskiy,8.0086,-62.3989,295.48,92,100,1.66,VE,2022-03-11 01:30:41
476,Uyemskiy,40.1629,-8.3327,286.44,96,100,4.45,PT,2022-03-11 01:30:41
477,Uyemskiy,51.5833,113.0333,263.81,62,97,0.67,RU,2022-03-11 01:30:42
478,Uyemskiy,34.6851,135.8049,286.46,36,99,1.74,JP,2022-03-11 01:30:24
479,Uyemskiy,42.8,93.45,281.74,41,4,3.31,CN,2022-03-11 01:30:43
480,Uyemskiy,33.2402,72.2661,289.86,47,0,2.13,PK,2022-03-11 01:30:44
481,Uyemskiy,19.4167,80.0667,297.76,34,0,0.56,IN,2022-03-11 01:30:45
482,Uyemskiy,36.7525,3.042,283.05,82,0,2.06,DZ,2022-03-11 01:28:36
483,Uyemskiy,-35.3333,-72.4167,289.3,68,0,4.59,CL,2022-03-11 01:30:46
484,Uyemskiy,48.0,122.7167,272.82,39,0,11.0,CN,2022-03-11 01:30:46
485,Uyemskiy,38.9342,100.4517,281.92,29,100,1.12,CN,2022-03-11 01:30:47
486,Uyemskiy,18.8003,110.3967,297.23,76,90,3.71,CN,2022-03-11 01:30:48
487,Uyemskiy,46.6166,10.7002,272.64,91,62,0.96,IT,2022-03-11 01:30:48
488,Uyemskiy,-12.1167,-77.05,295.1,54,40,2.57,PE,2022-03-11 01:28:47
489,Uyemskiy,-20.4597,-66.825,285.05,62,100,5.27,BO,2022-03-11 01:30:49
490,Uyemskiy,41.1875,61.4036,284.57,70,83,3.73,TM,2022-03-11 01:30:50
491,Uyemskiy,21.1167,70.1167,297.38,47,0,4.87,IN,2022-03-11 01:30:50
492,Uyemskiy,55.1333,-7.45,279.33,79,100,9.48,IE,2022-03-11 01:30:51
493,Uyemskiy,38.421,-121.4238,293.2,11,0,8.75,US,2022-03-11 01:30:52
494,Uyemskiy,57.3064,88.1667,247.93,96,81,1.73,RU,2022-03-11 01:30:52
495,Uyemskiy,66.8333,70.8333,252.61,92,100,4.01,RU,2022-03-11 01:30:53
496,Uyemskiy,63.7506,-68.5145,247.42,75,75,1.54,CA,2022-03-11 01:30:54
497,Uyemskiy,-18.8333,-63.4667,292.25,91,9,0.55,BO,2022-03-11 01:30:54
498,Uyemskiy,43.2928,5.5707,284.42,84,76,3.83,FR,2022-03-11 01:30:55
499,Uyemskiy,68.097,16.3742,278.08,92,100,2.49,NO,2022-03-11 01:30:56
500,Uyemskiy,50.6996,-127.4199,277.15,93,100,7.2,CA,2022-03-11 01:30:17
501,Uyemskiy,-25.4,-70.4833,292.99,78,3,1.76,CL,2022-03-11 01:30:57
502,Uyemskiy,17.1503,-25.0201,293.03,78,9,7.36,CV,2022-03-11 01:31:57
503,Uyemskiy,-0.9492,100.3543,298.18,75,65,1.66,ID,2022-03-11 01:31:58
504,Uyemskiy,-33.7333,-70.75,296.34,27,2,1.91,CL,2022-03-11 01:31:58
505,Uyemskiy,49.8167,-94.4337,260.69,78,100,5.66,CA,2022-03-11 01:31:59
506,Uyemskiy,60.9167,-46.05,258.27,80,1,2.64,GL,2022-03-11 01:32:00
507,Uyemskiy,7.7669,-72.225,295.25,94,97,0.6,VE,2022-03-11 01:32:00
508,Uyemskiy,46.1879,-123.8313,283.09,64,75,4.63,US,2022-03-11 01:29:13
509,Uyemskiy,50.6856,-121.942,274.8,86,99,1.9,CA,2022-03-11 01:32:01
510,Uyemskiy,-26.502,17.1583,295.58,69,74,1.85,NA,2022-03-11 01:32:02
511,Uyemskiy,58.3814,97.4531,251.28,98,99,0.78,RU,2022-03-11 01:32:03
512,Uyemskiy,46.4631,10.347,270.2,98,87,2.01,IT,2022-03-11 01:32:03
513,Uyemskiy,-0.1303,-67.0892,296.18,98,94,1.1,BR,2022-03-11 01:32:04
514,Uyemskiy,62.5333,155.8,265.49,85,73,0.53,RU,2022-03-11 01:32:05
515,Uyemskiy,-36.6167,-72.95,288.49,71,35,1.97,CL,2022-03-11 01:32:06
516,Uyemskiy,42.7392,-84.6208,273.24,67,100,3.09,US,2022-03-11 01:32:06
517,Uyemskiy,-0.4139,-65.0192,296.0,98,95,1.39,BR,2022-03-11 01:32:07
518,Uyemskiy,29.5577,70.3762,294.08,41,0,3.14,PK,2022-03-11 01:32:08
519,Uyemskiy,51.9333,116.6333,261.99,72,4,1.55,RU,2022-03-11 01:32:09
520,Uyemskiy,-38.7196,-62.2724,290.76,59,69,4.58,AR,2022-03-11 01:30:59
521,Uyemskiy,-0.7193,8.7815,300.74,79,100,4.16,GA,2022-03-11 01:32:11
522,Uyemskiy,12.7794,45.0367,298.19,72,100,9.08,YE,2022-03-11 01:30:03
523,Uyemskiy,-35.7167,150.1833,292.65,52,18,2.56,AU,2022-03-11 01:32:12
524,Uyemskiy,-13.7975,-47.4583,293.67,79,10,1.15,BR,2022-03-11 01:32:12
525,Uyemskiy,45.2698,36.3303,270.13,73,50,6.47,UA,2022-03-11 01:32:13
526,Uyemskiy,1.1667,108.9667,301.31,73,85,2.84,ID,2022-03-11 01:32:14
527,Uyemskiy,-9.1061,124.8925,301.32,68,37,0.78,ID,2022-03-11 01:32:15
528,Uyemskiy,65.3718,58.0387,255.83,93,97,6.02,RU,2022-03-11 01:32:15
529,Uyemskiy,-15.1961,12.1522,295.52,84,100,1.67,AO,2022-03-11 01:32:16
530,Uyemskiy,9.3094,42.1258,288.43,53,97,2.45,ET,2022-03-11 01:32:17
531,Uyemskiy,-34.0527,23.3716,292.52,92,8,2.13,ZA,2022-03-11 01:32:17
532,Uyemskiy,44.4,131.1667,273.67,44,0,6.34,CN,2022-03-11 01:32:18
533,Uyemskiy,65.5333,72.5167,249.29,97,92,4.75,RU,2022-03-11 01:32:18
534,Uyemskiy,-5.95,34.1333,289.23,98,100,1.71,TZ,2022-03-11 01:32:19
535,Uyemskiy,50.9327,119.2911,263.09,81,8,1.34,RU,2022-03-11 01:32:20
536,Uyemskiy,61.95,159.2333,269.74,59,37,8.17,RU,2022-03-11 01:32:21
537,Uyemskiy,-13.8483,136.4192,306.08,62,40,2.57,AU,2022-03-11 01:32:21
538,Uyemskiy,39.2667,141.8833,282.48,59,94,5.14,JP,2022-03-11 01:32:22
539,Uyemskiy,54.9508,20.2275,267.06,51,39,4.48,RU,2022-03-11 01:32:22
540,Uyemskiy,41.3501,-83.1332,275.13,76,96,2.28,US,2022-03-11 01:27:36
541,Uyemskiy,40.4667,19.4897,276.97,62,1,3.18,AL,2022-03-11 01:32:24
542,Uyemskiy,-30.3,153.1333,294.13,78,100,2.06,AU,2022-03-11 01:32:24
543,Uyemskiy,-31.95,141.4333,295.99,28,3,6.17,AU,2022-03-11 01:31:24
544,Uyemskiy,51.5877,-2.9984,283.53,87,100,5.28,GB,2022-03-11 01:32:25
545,Uyemskiy,12.5058,39.5228,284.86,64,99,0.68,ET,2022-03-11 01:32:26
546,Uyemskiy,50.4592,48.1431,265.5,94,97,5.83,RU,2022-03-11 01:32:28
547,Uyemskiy,-21.35,165.15,303.75,57,7,4.71,NC,2022-03-11 01:32:29
548,Uyemskiy,39.9304,18.3553,273.79,57,1,6.31,IT,2022-03-11 01:32:30
549,Uyemskiy,14.7623,-90.9947,287.53,96,34,1.31,GT,2022-03-11 01:33:30
550,Uyemskiy,53.1421,17.6018,270.06,47,14,4.47,PL,2022-03-11 01:33:31
551,Uyemskiy,51.226,-58.6502,268.68,94,100,5.33,CA,2022-03-11 01:33:32
552,Uyemskiy,-42.5167,172.8167,297.18,37,46,3.98,NZ,2022-03-11 01:33:32
553,Uyemskiy,25.5198,90.2201,298.72,23,0,0.41,IN,2022-03-11 01:33:33
554,Uyemskiy,18.0384,-71.744,299.17,68,14,3.17,DO,2022-03-11 01:33:34
555,Uyemskiy,5.7947,0.8973,301.11,86,99,5.09,GH,2022-03-11 01:33:35
556,Uyemskiy,60.1545,-1.1494,281.15,90,48,13.18,GB,2022-03-11 01:33:35
557,Uyemskiy,-29.6643,17.8865,296.65,53,100,2.25,ZA,2022-03-11 01:33:36
558,Uyemskiy,64.4743,40.8524,268.18,79,100,3.0,RU,2022-03-11 01:33:37
