City_ID,City,Lat,Lng,Max Temp,Humidity,Cloudiness,Wind Speed,Country,Date,Description
0,Hobart,-42.8794,147.3294,287.74,75,20,4.63,AU,2022-03-18 22:50:03,few clouds
1,Oussouye,12.485,-16.5469,297.25,56,0,5.56,SN,2022-03-18 22:53:43,clear sky
2,Copiapó,-27.3667,-70.3333,291.98,37,0,2.08,CL,2022-03-18 22:53:44,clear sky
3,Cherskiy,68.75,161.3,253.54,83,24,2.26,RU,2022-03-18 22:53:44,few clouds
4,Codrington,-38.2667,141.9667,291.83,67,75,4.52,AU,2022-03-18 22:53:45,broken clouds
5,Egvekinot,66.3167,-179.1667,250.39,70,0,0.6,RU,2022-03-18 22:53:46,clear sky
6,Carnarvon,-24.8667,113.6333,297.19,64,54,6.17,AU,2022-03-18 22:53:46,broken clouds
7,Rolla,37.9514,-91.7713,282.62,88,100,7.72,US,2022-03-18 22:50:20,overcast clouds
8,Severo-Kuril'sk,50.6789,156.125,273.34,96,100,13.21,RU,2022-03-18 22:53:47,light snow
9,West Wendover,40.7391,-114.0733,286.71,23,75,1.54,US,2022-03-18 22:53:48,broken clouds
10,Balkhash,46.844,74.9804,268.3,83,11,2.37,KZ,2022-03-18 22:53:48,few clouds
11,Kapaa,22.0752,-159.319,300.33,66,0,5.66,US,2022-03-18 22:51:58,clear sky
12,Port Hueneme,34.1478,-119.1951,303.18,34,0,4.63,US,2022-03-18 22:53:49,clear sky
13,Albany,42.6001,-73.9662,291.58,59,79,1.3,US,2022-03-18 22:50:02,broken clouds
14,Butaritari,3.0707,172.7902,300.33,81,23,9.0,KI,2022-03-18 22:53:50,few clouds
15,Dekar,-21.5333,21.9333,289.5,93,100,3.49,BW,2022-03-18 22:53:51,light rain
16,Bilma,18.6853,12.9164,295.24,7,2,3.2,NE,2022-03-18 22:53:51,clear sky
17,Santa Rosa del Sur,7.9644,-74.0544,299.2,68,91,1.29,CO,2022-03-18 22:53:52,overcast clouds
18,Pingzhuang,42.0372,119.2889,265.7,71,11,3.59,CN,2022-03-18 22:53:52,few clouds
19,Ushuaia,-54.8,-68.3,277.96,60,75,7.2,AR,2022-03-18 22:51:32,broken clouds
20,Anadyr,64.75,177.4833,252.43,65,0,4.0,RU,2022-03-18 22:53:53,clear sky
21,Prata,-19.3072,-48.9242,298.73,64,100,0.69,BR,2022-03-18 22:53:54,overcast clouds
22,The Valley,18.217,-63.0578,299.23,69,20,6.69,AI,2022-03-18 22:50:04,few clouds
23,Atuona,-9.8,-139.0333,299.23,76,13,7.52,PF,2022-03-18 22:52:11,few clouds
24,Ucluelet,48.9329,-125.5528,281.53,91,100,1.79,CA,2022-03-18 22:53:55,overcast clouds
25,Saint-Joseph,-21.3667,55.6167,297.36,89,51,2.21,RE,2022-03-18 22:53:56,broken clouds
26,Puerto Ayora,-0.7393,-90.3518,303.13,74,41,3.37,EC,2022-03-18 22:51:57,light rain
27,Bluff,-46.6,168.3333,290.82,65,100,3.94,NZ,2022-03-18 22:53:35,overcast clouds
28,Barrow,71.2906,-156.7887,248.57,97,77,5.24,US,2022-03-18 22:53:31,broken clouds
29,Mataura,-46.1927,168.8643,290.64,55,100,2.71,NZ,2022-03-18 22:51:55,overcast clouds
30,Najrān,17.4924,44.1277,288.51,30,1,0.99,SA,2022-03-18 22:53:57,clear sky
31,Ixtapa,20.7,-105.2,301.99,24,1,2.7,MX,2022-03-18 22:53:58,clear sky
32,Shizunai-furukawachō,42.3339,142.3669,272.36,93,100,3.63,JP,2022-03-18 22:53:58,snow
33,Tiksi,71.6872,128.8694,257.16,77,100,10.66,RU,2022-03-18 22:53:59,overcast clouds
34,Risti,58.9975,24.058,276.22,86,81,1.06,EE,2022-03-18 22:53:59,broken clouds
35,George Town,5.4112,100.3354,301.11,93,20,0.0,MY,2022-03-18 22:50:20,few clouds
36,New Norfolk,-42.7826,147.0587,288.1,54,31,1.01,AU,2022-03-18 22:54:00,scattered clouds
37,Ascension,30.2169,-90.9001,302.15,17,0,5.66,US,2022-03-18 22:54:01,clear sky
38,Alta,69.9689,23.2717,273.81,71,16,4.63,NO,2022-03-18 22:54:01,few clouds
39,Omboué,-1.5746,9.2618,299.15,90,100,3.66,GA,2022-03-18 22:54:02,light rain
40,Denpasar,-8.65,115.2167,299.96,94,20,3.09,ID,2022-03-18 22:53:40,few clouds
41,Gbarnga,6.9956,-9.4722,295.34,97,96,1.08,LR,2022-03-18 22:54:03,light rain
42,Saldanha,-33.0117,17.9442,296.18,84,9,4.8,ZA,2022-03-18 22:53:24,clear sky
43,Punta Arenas,-53.15,-70.9167,281.21,46,0,5.14,CL,2022-03-18 22:50:25,clear sky
44,Lüderitz,-26.6481,15.1594,294.56,60,55,2.79,NA,2022-03-18 22:54:04,broken clouds
45,Berlevåg,70.8578,29.0864,274.12,75,40,16.46,NO,2022-03-18 22:54:04,scattered clouds
46,Hilo,19.7297,-155.09,299.4,77,75,6.69,US,2022-03-18 22:55:05,broken clouds
47,Ostrovnoy,68.0531,39.5131,274.16,83,64,10.65,RU,2022-03-18 22:55:06,broken clouds
48,Bredasdorp,-34.5322,20.0403,292.12,98,40,2.41,ZA,2022-03-18 22:53:27,scattered clouds
49,Hurghada,27.2574,33.8129,289.17,36,0,4.12,EG,2022-03-18 22:55:06,clear sky
50,Rikitea,-23.1203,-134.9692,300.18,75,43,5.65,PF,2022-03-18 22:51:54,scattered clouds
51,Torbay,47.6666,-52.7314,279.58,93,100,4.63,CA,2022-03-18 22:55:07,light intensity drizzle
52,Hithadhoo,-0.6,73.0833,301.85,72,53,7.96,MV,2022-03-18 22:53:34,broken clouds
53,Saint Paul Harbor,57.79,-152.4072,273.88,80,100,7.72,US,2022-03-18 22:52:06,snow
54,Ribeira Grande,38.5167,-28.7,284.37,62,75,8.23,PT,2022-03-18 22:51:54,broken clouds
55,Bengkulu,-3.8004,102.2655,297.2,88,100,2.4,ID,2022-03-18 22:55:09,heavy intensity rain
56,Port Lincoln,-34.7333,135.8667,293.79,76,1,3.28,AU,2022-03-18 22:50:26,clear sky
57,Hermanus,-34.4187,19.2345,291.37,91,82,4.1,ZA,2022-03-18 22:52:08,broken clouds
58,Vaini,-21.2,-175.2,300.24,83,100,7.2,TO,2022-03-18 22:55:10,overcast clouds
59,Burnie,-41.0667,145.9167,287.38,70,26,3.97,AU,2022-03-18 22:55:11,scattered clouds
60,Nanortalik,60.1432,-45.2371,264.59,71,46,2.18,GL,2022-03-18 22:55:11,scattered clouds
61,Shingū,33.7333,135.9833,284.05,78,33,2.86,JP,2022-03-18 22:52:02,scattered clouds
62,Busselton,-33.65,115.3333,290.67,74,99,9.1,AU,2022-03-18 22:52:14,overcast clouds
63,Pampa,35.5362,-100.9599,287.91,26,0,3.6,US,2022-03-18 22:55:12,clear sky
64,Ko Samui,9.5357,99.9357,301.53,75,99,5.46,TH,2022-03-18 22:55:13,overcast clouds
65,Huilong,31.8111,121.655,283.11,90,100,4.0,CN,2022-03-18 22:55:13,overcast clouds
66,Bethel,41.3712,-73.414,292.08,68,44,1.7,US,2022-03-18 22:55:14,scattered clouds
67,Qaanaaq,77.484,-69.3632,250.46,93,100,2.7,GL,2022-03-18 22:55:15,overcast clouds
68,Kokopo,-4.352,152.2633,301.31,68,36,0.61,PG,2022-03-18 22:55:15,scattered clouds
69,Port Augusta,-32.5,137.7667,300.32,41,0,1.92,AU,2022-03-18 22:55:16,clear sky
70,Kevsala,45.7983,42.6903,268.98,75,10,6.21,RU,2022-03-18 22:55:16,clear sky
71,Muravlenko,63.7898,74.523,267.18,93,100,6.68,RU,2022-03-18 22:55:17,overcast clouds
72,Rio Grande,-32.035,-52.0986,293.68,90,73,7.39,BR,2022-03-18 22:54:54,broken clouds
73,Mar del Plata,-38.0023,-57.5575,288.2,54,20,7.15,AR,2022-03-18 22:55:18,few clouds
74,Capela do Alto,-23.4706,-47.7347,297.67,75,37,1.23,BR,2022-03-18 22:51:17,scattered clouds
75,Castelo do Piauí,-5.3222,-41.5525,297.29,81,75,0.43,BR,2022-03-18 22:55:19,broken clouds
76,Garoowe,8.4054,48.4845,293.71,69,0,3.43,SO,2022-03-18 22:55:19,clear sky
77,Devils Lake,48.1128,-98.8651,280.34,77,0,5.66,US,2022-03-18 22:55:20,clear sky
78,Woodward,36.4337,-99.3904,288.66,25,100,6.69,US,2022-03-18 22:55:20,overcast clouds
79,Ikot Ekpene,5.1794,7.7108,300.55,77,27,3.16,NG,2022-03-18 22:55:21,scattered clouds
80,Tura,25.5198,90.2201,295.44,38,92,1.06,IN,2022-03-18 22:55:21,overcast clouds
81,Avarua,-21.2078,-159.775,301.18,69,31,3.09,CK,2022-03-18 22:55:22,scattered clouds
82,Saint George,37.1041,-113.5841,296.28,13,0,5.66,US,2022-03-18 22:51:01,clear sky
83,Banff,51.1762,-115.5698,279.72,38,96,3.6,CA,2022-03-18 22:55:23,overcast clouds
84,Boa Vista,2.8197,-60.6733,301.14,69,40,5.14,BR,2022-03-18 22:55:08,light rain
85,Saskylakh,71.9167,114.0833,260.64,94,100,5.33,RU,2022-03-18 22:55:24,overcast clouds
86,Talnakh,69.4865,88.3972,266.6,96,99,3.64,RU,2022-03-18 22:55:24,light snow
87,Chingirlau,51.095,54.0814,252.87,100,96,1.13,KZ,2022-03-18 22:55:25,overcast clouds
88,Jamestown,42.097,-79.2353,292.95,37,0,2.06,US,2022-03-18 22:50:42,clear sky
89,Hirara,24.8,125.2833,292.07,88,75,3.6,JP,2022-03-18 22:55:26,broken clouds
90,Alofi,-19.0595,-169.9187,302.09,74,69,4.63,NU,2022-03-18 22:50:31,broken clouds
91,São Filipe,14.8961,-24.4956,294.75,72,29,5.4,CV,2022-03-18 22:55:27,scattered clouds
92,Pemangkat,1.1667,108.9667,298.2,88,100,1.6,ID,2022-03-18 22:55:27,overcast clouds
93,Lālmohan,22.3384,90.7419,297.26,53,95,2.3,BD,2022-03-18 22:56:28,overcast clouds
94,Suna,57.8338,50.0588,271.62,86,100,2.01,RU,2022-03-18 22:56:29,overcast clouds
95,Ponta Delgada,37.7333,-25.6667,285.55,66,40,9.26,PT,2022-03-18 22:56:30,scattered clouds
96,Willowmore,-33.2926,23.4895,295.28,39,93,2.58,ZA,2022-03-18 22:56:30,overcast clouds
97,Huesca,42.1362,-0.4087,284.32,92,0,1.03,ES,2022-03-18 22:56:31,clear sky
98,Flinders,-34.5833,150.8552,292.69,92,100,1.79,AU,2022-03-18 22:51:59,light rain
99,Los Llanos de Aridane,28.6585,-17.9182,289.01,78,100,4.12,ES,2022-03-18 22:53:36,overcast clouds
100,‘Āhuimanu,21.4447,-157.8378,300.29,62,78,3.13,US,2022-03-18 22:56:32,broken clouds
101,Ginir,7.1333,40.7,289.46,45,12,1.88,ET,2022-03-18 22:56:32,few clouds
102,Portland,45.5234,-122.6762,288.89,68,100,3.58,US,2022-03-18 22:56:33,overcast clouds
103,Nchelenge,-9.3451,28.734,291.95,85,98,1.44,ZM,2022-03-18 22:56:34,overcast clouds
104,Longido,-2.7333,36.6833,292.57,68,39,2.58,TZ,2022-03-18 22:56:34,scattered clouds
105,Clyde River,70.4692,-68.5914,244.28,76,40,1.03,CA,2022-03-18 22:56:35,scattered clouds
106,Guerrero Negro,27.9769,-114.0611,295.32,46,0,7.01,MX,2022-03-18 22:52:16,clear sky
107,Lagoa,39.05,-27.9833,284.52,63,96,14.86,PT,2022-03-18 22:56:35,overcast clouds
108,Touros,-5.1989,-35.4608,300.16,74,54,5.33,BR,2022-03-18 22:53:13,broken clouds
109,Alvorada,-12.48,-49.1247,297.01,89,97,0.62,BR,2022-03-18 22:56:36,moderate rain
110,Port Alfred,-33.5906,26.891,294.42,88,85,4.11,ZA,2022-03-18 22:53:21,overcast clouds
111,Lima,-12.0432,-77.0282,295.29,48,20,4.12,PE,2022-03-18 22:56:13,few clouds
112,Sitka,57.0531,-135.33,277.35,93,100,3.64,US,2022-03-18 22:56:37,light rain
113,Cape Town,-33.9258,18.4232,293.21,82,0,6.17,ZA,2022-03-18 22:52:09,clear sky
114,Santa Marta,11.2408,-74.199,303.65,58,11,7.6,CO,2022-03-18 22:56:39,few clouds
115,Esperance,-33.8667,121.9,294.06,84,100,6.43,AU,2022-03-18 22:56:39,overcast clouds
116,Cayenne,4.9333,-52.3333,299.87,1,100,2.68,GF,2022-03-18 22:56:40,overcast clouds
117,Santa Maria,-29.6842,-53.8069,299.76,74,40,0.51,BR,2022-03-18 22:54:13,scattered clouds
118,Vila Franca do Campo,37.7167,-25.4333,285.38,73,67,8.23,PT,2022-03-18 22:56:41,broken clouds
119,Kutum,14.2,24.6667,288.95,14,84,3.45,SD,2022-03-18 22:52:10,broken clouds
120,Porto Walter,-8.2686,-72.7439,299.78,74,100,1.47,BR,2022-03-18 22:56:42,overcast clouds
121,Narsaq,60.9167,-46.05,260.68,70,99,3.29,GL,2022-03-18 22:53:18,overcast clouds
122,Khipro,25.8285,69.3772,297.32,56,0,6.68,PK,2022-03-18 22:56:43,clear sky
123,Mount Isa,-20.7333,139.5,302.02,32,88,0.0,AU,2022-03-18 22:56:43,overcast clouds
124,Tasiilaq,65.6145,-37.6368,258.13,78,25,1.18,GL,2022-03-18 22:53:35,scattered clouds
125,Dikson,73.5069,80.5464,264.83,89,46,8.17,RU,2022-03-18 22:56:44,scattered clouds
126,Aklavik,68.2191,-135.0107,252.15,65,100,4.12,CA,2022-03-18 22:56:44,light snow
127,Wanning,18.8003,110.3967,296.39,94,100,0.6,CN,2022-03-18 22:56:45,overcast clouds
128,Praia da Vitória,38.7333,-27.0667,282.29,93,75,11.95,PT,2022-03-18 22:56:46,broken clouds
129,San Vicente,-26.6167,-54.1333,291.69,99,100,1.46,AR,2022-03-18 22:56:46,light rain
130,Khabary,53.6259,79.5345,255.29,100,99,1.91,RU,2022-03-18 22:56:47,overcast clouds
131,Conway,35.0887,-92.4421,284.81,72,100,9.26,US,2022-03-18 22:55:00,overcast clouds
132,Kharian,32.8149,73.8636,294.19,50,0,1.9,PK,2022-03-18 22:56:47,clear sky
133,Chokurdakh,70.6333,147.9167,245.89,98,64,2.78,RU,2022-03-18 22:52:03,broken clouds
134,Yangi Marg`ilon,40.4272,71.7189,276.55,87,75,2.06,UZ,2022-03-18 22:56:48,mist
135,Faanui,-16.4833,-151.75,300.89,68,0,5.26,PF,2022-03-18 22:56:49,clear sky
136,Kupang,-10.1667,123.5833,299.23,81,99,1.36,ID,2022-03-18 22:56:49,overcast clouds
137,Kongolo,-5.3833,27.0,292.11,92,94,1.04,CD,2022-03-18 22:56:50,overcast clouds
138,Moranbah,-22.0016,148.0466,297.77,69,92,8.01,AU,2022-03-18 22:56:50,overcast clouds
139,Kyren,51.6828,102.1408,261.6,95,100,0.25,RU,2022-03-18 22:56:51,overcast clouds
140,Stony Plain,53.5334,-114.0021,281.0,39,0,4.12,CA,2022-03-18 22:56:24,clear sky
141,Yumen,40.2833,97.2,275.98,42,100,2.47,CN,2022-03-18 22:57:52,overcast clouds
142,Mahébourg,-20.4081,57.7,298.85,94,20,1.54,MU,2022-03-18 22:57:52,few clouds
143,Mulchén,-37.7167,-72.2333,297.07,21,50,2.8,CL,2022-03-18 22:57:53,scattered clouds
144,East London,-33.0153,27.9116,294.55,86,79,4.2,ZA,2022-03-18 22:47:31,broken clouds
145,Souillac,-20.5167,57.5167,298.36,94,20,1.54,MU,2022-03-18 22:57:54,few clouds
146,Vaitape,-16.5167,-151.75,300.9,68,0,5.22,PF,2022-03-18 22:57:30,clear sky
147,Leningradskiy,69.3833,178.4167,253.31,77,2,1.92,RU,2022-03-18 22:57:55,clear sky
148,Rodolfo Sánchez Taboada,31.7167,-116.5667,293.91,50,0,3.21,MX,2022-03-18 22:57:55,clear sky
149,Meulaboh,4.1363,96.1285,297.62,90,100,2.51,ID,2022-03-18 22:57:56,light rain
150,Muros,42.7762,-9.0603,281.86,79,2,2.42,ES,2022-03-18 22:57:56,clear sky
151,Klaksvík,62.2266,-6.589,282.66,81,98,17.41,FO,2022-03-18 22:57:57,overcast clouds
152,Provideniya,64.3833,-173.3,257.74,64,1,2.6,RU,2022-03-18 22:57:57,clear sky
153,Magdeburg,52.1667,11.6667,279.33,81,15,1.34,DE,2022-03-18 22:57:58,few clouds
154,Wanganui,-39.9333,175.05,293.48,48,13,2.68,NZ,2022-03-18 22:57:59,few clouds
155,Moindou,-21.6924,165.677,300.79,72,76,1.39,NC,2022-03-18 22:57:59,broken clouds
156,Sola,-13.8833,167.55,298.7,83,100,2.94,VU,2022-03-18 22:58:00,moderate rain
157,Kottūru,14.8167,76.2167,295.17,84,97,3.08,IN,2022-03-18 22:58:00,overcast clouds
158,Dengzhou,37.8086,120.7508,273.36,68,100,12.75,CN,2022-03-18 22:58:01,overcast clouds
159,Bandarbeyla,9.4942,50.8122,298.01,73,3,6.22,SO,2022-03-18 22:58:01,clear sky
160,Mozarlândia,-14.7447,-50.5706,298.07,83,74,1.28,BR,2022-03-18 22:58:02,broken clouds
161,Mayumba,-3.432,10.6554,299.37,88,98,3.63,GA,2022-03-18 22:58:02,light rain
162,Sarai Naurang,32.8259,70.7814,297.0,45,16,2.96,PK,2022-03-18 22:58:03,few clouds
163,Kavieng,-2.5744,150.7967,302.7,64,48,6.8,PG,2022-03-18 22:58:05,scattered clouds
164,Leh,34.1667,77.5833,265.87,71,6,0.89,IN,2022-03-18 22:58:06,clear sky
165,Homer,59.6425,-151.5483,275.95,71,100,5.36,US,2022-03-18 22:58:06,overcast clouds
166,Iqaluit,63.7506,-68.5145,250.0,70,100,1.54,CA,2022-03-18 22:58:04,overcast clouds
167,Lorengau,-2.0226,147.2712,302.84,68,40,5.41,PG,2022-03-18 22:58:07,scattered clouds
168,Ilulissat,69.2167,-51.1,255.15,98,100,3.54,GL,2022-03-18 22:58:08,overcast clouds
169,Saanen,46.4896,7.2596,278.58,92,90,2.27,CH,2022-03-18 22:58:09,overcast clouds
170,Mumford,5.2618,-0.759,300.56,87,46,5.61,GH,2022-03-18 22:58:09,scattered clouds
171,Ajdabiya,30.7554,20.2263,288.45,52,97,12.61,LY,2022-03-18 22:58:10,overcast clouds
172,Svilajnac,44.2337,21.1967,274.35,57,3,0.85,RS,2022-03-18 22:58:10,clear sky
173,Ponta do Sol,32.6667,-17.1,289.29,70,100,0.75,PT,2022-03-18 22:52:15,overcast clouds
174,Longyearbyen,78.2186,15.6401,271.06,93,100,8.23,SJ,2022-03-18 22:58:11,light snow
175,Iquique,-20.2208,-70.1431,294.17,84,25,2.41,CL,2022-03-18 22:58:12,scattered clouds
176,Geraldton,-28.7667,114.6,293.38,88,97,4.63,AU,2022-03-18 22:58:12,overcast clouds
177,Viçosa,-20.7539,-42.8819,294.36,83,17,1.38,BR,2022-03-18 22:58:13,few clouds
178,Horasan,40.0458,42.1728,266.66,96,100,1.61,TR,2022-03-18 22:58:14,light snow
179,Upernavik,72.7868,-56.1549,243.42,74,70,3.38,GL,2022-03-18 22:52:00,broken clouds
180,Saint-Philippe,-21.3585,55.7679,297.92,89,58,1.81,RE,2022-03-18 22:54:05,broken clouds
181,Ancud,-41.8697,-73.8203,284.94,70,100,2.19,CL,2022-03-18 22:53:21,overcast clouds
182,Margate,51.3813,1.3862,283.32,82,5,2.24,GB,2022-03-18 22:55:11,clear sky
183,Nome,64.5011,-165.4064,254.1,83,42,2.91,US,2022-03-18 22:58:16,scattered clouds
184,Forsytheganj,52.6333,29.7333,270.16,61,1,1.24,BY,2022-03-18 22:58:16,clear sky
185,Logroño,42.4667,-2.45,280.05,93,0,0.0,ES,2022-03-18 22:59:17,clear sky
186,Dakar,14.6937,-17.4441,293.64,88,0,4.12,SN,2022-03-18 22:59:18,clear sky
187,Hīt,33.6416,42.8251,284.68,34,5,2.48,IQ,2022-03-18 22:59:19,clear sky
188,Zhoucheng,35.9122,116.3117,273.82,75,89,5.62,CN,2022-03-18 22:59:19,overcast clouds
189,Belaya Gora,68.5333,146.4167,248.23,97,93,1.0,RU,2022-03-18 22:59:20,overcast clouds
190,Bullhead City,35.1478,-114.5683,302.51,8,0,3.58,US,2022-03-18 22:58:37,clear sky
191,Evensk,61.95,159.2333,257.78,73,1,1.89,RU,2022-03-18 22:59:22,clear sky
192,Krasnogorskoye,52.2953,86.1979,253.9,100,99,0.99,RU,2022-03-18 22:59:23,overcast clouds
193,Artyom,40.4723,50.333,277.23,81,86,10.0,AZ,2022-03-18 22:59:23,overcast clouds
194,Sakakah,29.9697,40.2064,284.91,36,0,1.43,SA,2022-03-18 22:59:24,clear sky
195,Dingle,10.9995,122.6711,299.39,82,95,2.44,PH,2022-03-18 22:59:25,overcast clouds
196,Arraial do Cabo,-22.9661,-42.0278,299.13,83,0,6.69,BR,2022-03-18 22:59:25,clear sky
197,Chengde,40.9725,117.9361,262.29,92,24,1.92,CN,2022-03-18 22:59:26,few clouds
198,Charters Towers,-20.1,146.2667,299.06,61,67,5.33,AU,2022-03-18 22:59:26,broken clouds
199,Grindavik,63.8424,-22.4338,274.12,80,0,2.06,IS,2022-03-18 22:59:27,clear sky
200,Salalah,17.0151,54.0924,296.13,23,0,7.95,OM,2022-03-18 22:53:34,clear sky
201,Santa Cruz de la Sierra,-17.8,-63.1667,303.85,58,75,5.66,BO,2022-03-18 22:55:10,broken clouds
202,Port-Gentil,-0.7193,8.7815,300.75,81,96,5.61,GA,2022-03-18 22:59:28,light rain
203,Beberibe,-4.1797,-38.1306,298.79,86,33,3.92,BR,2022-03-18 22:59:28,scattered clouds
204,Norman Wells,65.282,-126.8329,261.17,61,40,3.09,CA,2022-03-18 22:59:29,scattered clouds
205,Castro,-24.7911,-50.0119,292.67,92,100,1.42,BR,2022-03-18 22:59:30,moderate rain
206,San Patricio,28.017,-97.5169,300.2,27,1,5.88,US,2022-03-18 22:59:30,clear sky
207,Saint-Augustin,51.226,-58.6502,273.16,87,100,3.62,CA,2022-03-18 22:59:31,overcast clouds
208,Yellowknife,62.456,-114.3525,269.49,79,75,2.57,CA,2022-03-18 22:53:29,light snow
209,Palu,-0.8917,119.8707,298.01,92,97,0.66,ID,2022-03-18 22:59:32,overcast clouds
210,San Jose,37.3394,-121.895,297.98,40,0,4.63,US,2022-03-18 22:59:32,clear sky
211,Nikolskoye,59.7035,30.7861,275.09,93,5,1.88,RU,2022-03-18 22:53:30,clear sky
212,Salinas,36.6777,-121.6555,298.46,63,55,3.57,US,2022-03-18 22:59:33,broken clouds
213,Marsá Maţrūḩ,31.3525,27.2453,286.26,67,40,6.17,EG,2022-03-18 22:59:34,scattered clouds
214,Quatre Cocos,-20.2078,57.7625,298.76,85,77,1.6,MU,2022-03-18 22:59:34,broken clouds
215,Havøysund,70.9963,24.6622,276.49,80,62,16.39,NO,2022-03-18 22:59:35,light rain
216,Tamandaré,-8.7597,-35.1047,299.51,74,89,4.02,BR,2022-03-18 22:59:36,overcast clouds
217,Panabá,21.2833,-88.2667,306.08,41,11,7.77,MX,2022-03-18 22:59:36,few clouds
218,Belyy Yar,53.6039,91.3903,258.09,80,0,2.0,RU,2022-03-18 22:59:37,clear sky
219,Ambilobe,-13.2,49.05,297.46,96,99,0.6,MG,2022-03-18 22:59:38,light rain
220,Spirit River,55.7833,-118.8361,276.39,55,16,2.45,CA,2022-03-18 22:59:38,few clouds
221,Lebu,-37.6167,-73.65,286.63,70,97,7.5,CL,2022-03-18 22:48:12,overcast clouds
222,Dudinka,69.4058,86.1778,266.83,97,99,3.79,RU,2022-03-18 22:59:39,overcast clouds
223,Kitob,39.0843,66.8332,278.32,84,99,1.0,UZ,2022-03-18 22:59:40,overcast clouds
224,Guaraniaçu,-25.1008,-52.8781,292.48,100,97,1.81,BR,2022-03-18 22:59:41,overcast clouds
225,Carballo,43.213,-8.691,285.85,89,6,1.84,ES,2022-03-18 22:59:41,clear sky
226,Chumikan,54.7183,135.315,263.28,94,100,2.87,RU,2022-03-18 23:00:42,light snow
227,Pringsewu,-5.3582,104.9744,295.91,99,100,0.5,ID,2022-03-18 23:00:42,overcast clouds
228,Amapá,1.0,-52.0,295.18,99,100,1.13,BR,2022-03-18 23:00:43,moderate rain
229,Laas,46.6166,10.7002,279.27,97,99,1.34,IT,2022-03-18 23:00:44,overcast clouds
230,Daru,-9.0763,143.2092,300.4,86,88,2.4,PG,2022-03-18 23:00:44,overcast clouds
231,San Ignacio,17.1561,-89.0714,304.53,54,3,4.48,BZ,2022-03-18 23:00:45,clear sky
232,Machico,32.7,-16.7667,289.29,76,40,2.57,PT,2022-03-18 23:00:45,scattered clouds
233,Atambua,-9.1061,124.8925,297.92,84,100,0.64,ID,2022-03-18 23:00:46,overcast clouds
234,Westport,41.1415,-73.3579,292.66,66,46,1.34,US,2022-03-18 23:00:20,scattered clouds
235,Manado,1.487,124.8455,297.58,100,40,0.51,ID,2022-03-18 23:00:47,light rain
236,Hong Kong,22.2855,114.1577,297.69,88,93,4.92,HK,2022-03-18 22:57:50,overcast clouds
237,Puerto del Rosario,28.5004,-13.8627,290.01,72,20,5.14,ES,2022-03-18 23:00:48,few clouds
238,Northam,51.0333,-4.2167,282.93,69,1,7.91,GB,2022-03-18 23:00:49,clear sky
239,Port Keats,-14.25,129.55,299.39,84,97,4.8,AU,2022-03-18 23:00:49,overcast clouds
240,Khatanga,71.9667,102.5,267.97,95,100,4.69,RU,2022-03-18 23:00:50,light snow
241,Lata,40.1629,-8.3327,284.86,74,7,2.44,PT,2022-03-18 23:00:51,clear sky
242,Chamba,32.5667,76.1333,291.68,46,0,4.35,IN,2022-03-18 23:00:51,clear sky
243,Phayakkhaphum Phisai,15.5163,103.1937,297.82,77,87,1.29,TH,2022-03-18 23:00:52,light rain
244,Isangel,-19.55,169.2667,301.88,72,100,1.41,VU,2022-03-18 23:00:53,overcast clouds
245,Ṭikāpur,28.5,81.1333,295.65,46,53,2.36,NP,2022-03-18 23:00:54,broken clouds
246,Erdenet,49.0333,104.0833,260.67,78,100,1.97,MN,2022-03-18 23:00:54,overcast clouds
247,Bilibino,68.0546,166.4372,252.62,73,14,1.12,RU,2022-03-18 22:58:51,few clouds
248,Labuhan,-6.8844,112.2051,299.43,84,99,2.83,ID,2022-03-18 23:00:55,overcast clouds
249,Camocim,-2.9022,-40.8411,298.47,88,37,4.48,BR,2022-03-18 23:00:56,scattered clouds
250,Marsh Harbour,26.5412,-77.0636,298.18,80,2,5.31,BS,2022-03-18 23:00:56,clear sky
251,Skerries,53.5828,-6.1083,280.93,93,5,5.08,IE,2022-03-18 23:00:57,clear sky
252,Lompoc,34.6391,-120.4579,300.38,63,6,6.26,US,2022-03-18 23:00:58,clear sky
253,Tonj,7.2737,28.6822,300.26,16,21,2.23,SS,2022-03-18 23:00:58,few clouds
254,Nizhnevartovsk,60.9344,76.5531,269.16,80,0,3.13,RU,2022-03-18 23:00:59,clear sky
255,Chum Phae,16.5443,102.0992,297.89,69,98,0.53,TH,2022-03-18 23:00:59,overcast clouds
256,Tuktoyaktuk,69.4541,-133.0374,250.51,94,100,3.81,CA,2022-03-18 23:01:00,overcast clouds
257,Faya,18.3851,42.4509,287.08,67,7,1.18,SA,2022-03-18 23:01:01,clear sky
258,Voh,-20.9667,164.7,302.31,69,85,0.69,NC,2022-03-18 23:01:01,overcast clouds
259,Yagodnoye,62.55,149.6667,253.15,67,84,1.26,RU,2022-03-18 23:01:02,broken clouds
260,Ayan,56.45,138.1667,263.76,93,100,3.57,RU,2022-03-18 23:01:02,light snow
261,Neiafu,-18.65,-173.9833,301.29,75,100,9.31,TO,2022-03-18 23:01:03,overcast clouds
262,Majene,-3.5403,118.9707,298.96,84,100,2.77,ID,2022-03-18 23:01:04,light rain
263,Itoman,26.1247,127.6694,293.16,68,75,3.09,JP,2022-03-18 23:01:04,broken clouds
264,Bellmead,31.594,-97.1089,293.75,25,0,6.17,US,2022-03-18 22:59:32,clear sky
265,Nouadhibou,20.931,-17.0347,290.17,81,96,9.29,MR,2022-03-18 23:01:05,overcast clouds
266,Senador José Porfírio,-2.5908,-51.9542,297.08,95,98,1.55,BR,2022-03-18 23:01:06,overcast clouds
267,Richards Bay,-28.783,32.0377,291.8,83,39,1.86,ZA,2022-03-18 23:01:06,scattered clouds
268,Hasaki,35.7333,140.8333,280.37,70,100,3.28,JP,2022-03-18 23:01:07,overcast clouds
269,Shelburne,44.0787,-80.2041,277.72,81,100,4.71,CA,2022-03-18 23:01:08,overcast clouds
270,Ketchikan,55.3422,-131.6461,277.12,97,100,5.0,US,2022-03-18 23:01:08,moderate rain
271,Mayya,61.7333,130.2811,245.77,98,98,0.63,RU,2022-03-18 23:01:09,overcast clouds
272,Airai,-8.9266,125.4092,291.64,84,94,0.51,TL,2022-03-18 23:01:09,overcast clouds
273,Kinsale,51.7075,-8.5306,281.8,93,20,5.66,IE,2022-03-18 22:57:51,few clouds
274,Piaçabuçu,-10.4056,-36.4344,299.04,78,68,3.77,BR,2022-03-18 23:02:10,broken clouds
275,Cap Malheureux,-19.9842,57.6142,298.97,90,80,1.69,MU,2022-03-18 23:02:11,broken clouds
276,Puri,19.8,85.85,296.44,71,62,4.7,IN,2022-03-18 23:02:11,broken clouds
277,Christiansburg,37.1298,-80.4089,291.16,58,40,2.57,US,2022-03-18 23:02:12,scattered clouds
278,Ossora,59.2353,163.0719,268.61,92,98,1.99,RU,2022-03-18 23:02:12,overcast clouds
279,Honningsvåg,70.9821,25.9704,276.19,79,73,17.17,NO,2022-03-18 23:02:13,broken clouds
280,Dom Pedrito,-30.9828,-54.6731,290.88,96,78,7.61,BR,2022-03-18 23:01:21,broken clouds
281,Hualmay,-11.0964,-77.6139,295.97,77,6,4.45,PE,2022-03-18 23:02:14,clear sky
282,Pevek,69.7008,170.3133,247.94,87,9,4.22,RU,2022-03-18 22:53:20,clear sky
283,Narasannapeta,18.4167,84.05,295.53,83,23,0.86,IN,2022-03-18 23:02:15,few clouds
284,Bitung,1.4451,125.1824,297.62,81,99,0.27,ID,2022-03-18 23:02:16,overcast clouds
285,Glendive,47.1053,-104.7125,286.87,38,75,8.23,US,2022-03-18 23:02:16,broken clouds
286,Saskatoon,52.1168,-106.6345,277.03,93,22,4.02,CA,2022-03-18 23:02:17,few clouds
287,Laguna,38.421,-121.4238,297.2,36,0,2.57,US,2022-03-18 23:02:17,clear sky
288,Russellville,35.2784,-93.1338,281.56,73,100,8.49,US,2022-03-18 23:02:18,overcast clouds
289,Ortona,42.3496,14.4039,284.47,80,100,0.98,IT,2022-03-18 23:02:19,overcast clouds
290,Gritsovskiy,54.1376,38.1604,269.41,95,100,0.61,RU,2022-03-18 23:02:20,overcast clouds
291,Kondoa,-4.9,35.7833,288.57,94,79,0.2,TZ,2022-03-18 23:02:21,broken clouds
292,Makakilo City,21.3469,-158.0858,299.82,60,53,7.44,US,2022-03-18 23:02:21,broken clouds
293,Coronado,32.6859,-117.1831,301.53,47,0,4.47,US,2022-03-18 23:02:22,clear sky
294,Cabedelo,-6.9811,-34.8339,299.98,74,92,4.83,BR,2022-03-18 23:02:22,overcast clouds
295,Thompson,55.7435,-97.8558,278.24,56,75,4.12,CA,2022-03-18 22:53:26,broken clouds
296,Uruçuí,-7.2294,-44.5561,300.35,69,99,0.76,BR,2022-03-18 23:02:24,overcast clouds
297,Umluj,25.0213,37.2685,292.98,48,0,5.29,SA,2022-03-18 23:01:48,clear sky
298,Tuburan,6.6439,122.2736,300.98,75,93,1.86,PH,2022-03-18 23:02:25,overcast clouds
299,Manokwari,-0.8667,134.0833,300.66,76,61,1.56,ID,2022-03-18 23:02:25,broken clouds
300,Ust-Tsilma,65.441,52.1498,268.77,91,59,2.66,RU,2022-03-18 23:02:26,broken clouds
301,Sibu,2.3,111.8167,295.8,99,97,0.68,MY,2022-03-18 23:02:27,overcast clouds
302,Varzelândia,-15.7014,-44.0275,293.95,46,0,2.43,BR,2022-03-18 23:02:28,light rain
303,Davila,18.4726,120.5763,298.99,80,40,4.81,PH,2022-03-18 23:02:28,scattered clouds
304,Adrar,20.5022,-10.0711,293.26,29,2,4.66,MR,2022-03-18 23:02:22,clear sky
305,Tucuruí,-3.7661,-49.6725,296.99,97,94,1.15,BR,2022-03-18 23:02:29,moderate rain
306,Chernyshevskiy,63.0128,112.4714,253.44,98,100,2.49,RU,2022-03-18 23:02:30,overcast clouds
307,Amahai,-3.3333,128.9167,300.01,82,98,1.39,ID,2022-03-18 23:02:30,overcast clouds
308,Connersville,39.6412,-85.1411,288.33,89,100,3.13,US,2022-03-18 23:02:31,overcast clouds
309,Karlskrona,56.1616,15.5866,277.4,76,0,3.66,SE,2022-03-18 23:02:31,clear sky
310,Peniche,39.3558,-9.3811,287.65,68,25,6.26,PT,2022-03-18 23:02:32,scattered clouds
311,Bambous Virieux,-20.3428,57.7575,298.83,94,20,1.54,MU,2022-03-18 22:53:25,few clouds
312,Bacungan,9.9106,118.7022,299.74,80,99,1.39,PH,2022-03-18 23:02:33,overcast clouds
313,Uvinza,-5.1036,30.3911,290.56,96,55,0.18,TZ,2022-03-18 23:02:33,broken clouds
314,Yamethin,20.4333,96.15,296.25,35,22,2.11,MM,2022-03-18 23:02:34,few clouds
315,Béboto,8.2668,16.939,297.8,15,29,1.33,TD,2022-03-18 23:02:35,scattered clouds
316,Tabatinga,-4.2525,-69.9381,300.15,83,40,1.03,BR,2022-03-18 23:02:35,light rain
317,Barzas,55.7167,86.3167,255.2,100,99,1.06,RU,2022-03-18 23:03:36,overcast clouds
318,Kuusamo,65.9667,29.1833,271.17,93,0,3.6,FI,2022-03-18 23:03:36,clear sky
319,Den Helder,52.9599,4.7593,280.38,87,5,6.26,NL,2022-03-18 23:01:34,clear sky
320,Grand Gaube,-20.0064,57.6608,298.92,90,76,1.81,MU,2022-03-18 23:03:37,broken clouds
321,Puerto Escondido,15.85,-97.0667,303.61,70,0,4.12,MX,2022-03-18 23:03:38,clear sky
322,Eilat,29.5581,34.9482,287.51,63,0,4.06,IL,2022-03-18 23:03:38,clear sky
323,Nogliki,51.8333,143.1667,270.69,95,100,3.69,RU,2022-03-18 23:03:39,light snow
324,La Ronge,55.1001,-105.2842,275.19,90,93,2.65,CA,2022-03-18 23:03:24,overcast clouds
325,Sarangani,5.4033,125.4636,301.54,78,90,6.7,PH,2022-03-18 23:03:40,overcast clouds
326,Tazovsky,67.4667,78.7,270.58,96,100,7.46,RU,2022-03-18 23:03:40,light snow
327,Ulladulla,-35.35,150.4667,291.65,83,100,5.45,AU,2022-03-18 23:03:41,overcast clouds
328,Kirakira,-10.4544,161.9205,301.41,75,100,2.6,SB,2022-03-18 23:03:42,overcast clouds
329,Finote Selam,10.7,37.2667,293.35,51,100,0.54,ET,2022-03-18 23:03:43,overcast clouds
330,Naantali,60.4674,22.0243,275.06,100,100,2.06,FI,2022-03-18 23:03:43,mist
331,Mount Gambier,-37.8333,140.7667,288.92,74,3,2.91,AU,2022-03-18 23:03:44,clear sky
332,Horn,51.8715,8.9451,280.0,82,2,2.31,DE,2022-03-18 23:03:44,clear sky
333,Srednekolymsk,67.45,153.6833,250.82,95,65,0.46,RU,2022-03-18 23:03:45,broken clouds
334,Banda Aceh,5.5577,95.3222,299.18,83,100,6.13,ID,2022-03-18 22:59:18,light rain
335,Churapcha,62.0025,132.4325,255.67,92,99,1.34,RU,2022-03-18 23:03:46,overcast clouds
336,Pangnirtung,66.1451,-65.7125,241.86,96,80,2.45,CA,2022-03-18 23:03:46,broken clouds
337,Port Elizabeth,-33.918,25.5701,293.32,98,75,5.14,ZA,2022-03-18 23:00:15,broken clouds
338,Bethanien,-26.502,17.1583,294.89,64,83,7.0,NA,2022-03-18 23:03:47,broken clouds
339,Gamba,-2.65,10.0,298.74,90,99,3.92,GA,2022-03-18 23:03:48,light rain
340,Abadan,38.0507,58.2056,277.76,60,54,3.46,TM,2022-03-18 23:03:48,broken clouds
341,Dongsheng,39.8161,109.9776,267.39,54,100,4.58,CN,2022-03-18 23:03:49,overcast clouds
342,Vila Velha,-20.3297,-40.2925,299.23,85,4,3.41,BR,2022-03-18 23:03:49,clear sky
343,Arrondissement de Saint-Denis,48.9167,2.3333,283.92,51,0,7.72,FR,2022-03-18 23:03:50,clear sky
344,Kumul,42.8,93.45,280.64,35,95,4.73,CN,2022-03-18 23:03:50,overcast clouds
345,Hoquiam,46.9809,-123.8893,284.18,88,100,3.09,US,2022-03-18 23:02:57,overcast clouds
346,Cardston,49.2,-113.3019,280.94,39,86,4.86,CA,2022-03-18 23:00:35,overcast clouds
347,Paka,4.6374,103.4368,297.86,91,100,0.94,MY,2022-03-18 23:03:52,overcast clouds
348,Caravelas,-17.7125,-39.2481,298.15,83,2,2.23,BR,2022-03-18 23:03:52,clear sky
349,Moscow,55.7522,37.6156,272.39,92,98,1.02,RU,2022-03-18 23:01:45,overcast clouds
350,Shar,49.5886,81.0453,261.16,97,99,2.05,KZ,2022-03-18 23:03:53,overcast clouds
351,Pacific Grove,36.6177,-121.9166,294.51,75,0,3.6,US,2022-03-18 23:03:54,clear sky
352,Piteå,65.3172,21.4794,270.2,78,9,4.32,SE,2022-03-18 23:03:55,clear sky
353,Rovaniemi,66.5,25.7167,270.82,74,0,4.63,FI,2022-03-18 23:03:55,clear sky
354,Jalu,29.0331,21.5482,289.95,29,83,7.11,LY,2022-03-18 23:03:56,broken clouds
355,Hamilton,39.1834,-84.5333,289.5,83,100,1.34,US,2022-03-18 23:00:19,overcast clouds
356,Port Hardy,50.6996,-127.4199,280.17,89,100,7.71,CA,2022-03-18 23:03:19,moderate rain
357,Comodoro Rivadavia,-45.8667,-67.5,288.01,38,11,2.72,AR,2022-03-18 23:03:57,few clouds
358,Tahlequah,35.9154,-94.97,282.08,76,100,4.12,US,2022-03-18 23:03:57,overcast clouds
359,Cabo San Lucas,22.8909,-109.9124,300.71,56,0,2.06,MX,2022-03-18 23:03:57,clear sky
360,Kenai,60.5544,-151.2583,276.5,82,100,5.53,US,2022-03-18 23:03:58,overcast clouds
361,Ribas do Rio Pardo,-20.4431,-53.7592,299.16,74,99,2.53,BR,2022-03-18 23:04:59,overcast clouds
362,Casper,42.8666,-106.3131,282.99,35,0,7.2,US,2022-03-18 23:04:59,clear sky
363,Tharād,24.3961,71.6267,296.14,66,4,2.36,IN,2022-03-18 23:05:00,clear sky
364,Burns Lake,54.2331,-125.7533,278.3,58,98,2.92,CA,2022-03-18 23:00:08,overcast clouds
365,Khetri,27.9833,75.8,296.93,33,2,2.19,IN,2022-03-18 23:05:01,clear sky
366,Awjilah,29.1081,21.2869,289.85,29,75,6.69,LY,2022-03-18 23:05:01,broken clouds
367,Nakamura,32.9833,132.9333,283.96,76,53,3.54,JP,2022-03-18 23:05:02,broken clouds
368,Hervey Bay,-25.2986,152.8535,297.05,80,88,3.58,AU,2022-03-18 23:05:02,overcast clouds
369,Hibbing,47.4272,-92.9377,279.83,52,0,1.54,US,2022-03-18 23:05:03,clear sky
370,Pisco,-13.7,-76.2167,294.27,85,4,3.2,PE,2022-03-18 23:00:14,clear sky
371,Staunton,38.1496,-79.0717,292.2,34,40,7.72,US,2022-03-18 23:03:15,scattered clouds
372,Dayong,25.0209,118.2898,289.83,84,5,1.51,CN,2022-03-18 23:05:04,clear sky
373,Sinnamary,5.3833,-52.95,298.67,85,100,4.62,GF,2022-03-18 23:01:07,overcast clouds
374,Tarcău,46.8667,26.1333,270.35,84,89,0.97,RO,2022-03-18 23:05:05,overcast clouds
375,Mahibadhoo,3.7833,72.9667,301.09,74,47,7.09,MV,2022-03-18 23:05:06,scattered clouds
376,Ishigaki,24.3448,124.1572,293.47,73,100,3.13,JP,2022-03-18 23:05:06,overcast clouds
377,Gambiran,-6.7988,111.4951,297.32,91,100,1.41,ID,2022-03-18 23:05:07,overcast clouds
378,Tete,-16.1564,33.5867,294.42,94,100,1.76,MZ,2022-03-18 23:01:47,overcast clouds
379,Bintulu,3.1667,113.0333,297.15,94,100,1.03,MY,2022-03-18 23:05:08,overcast clouds
380,Sorong,-0.8833,131.25,299.42,85,37,2.94,ID,2022-03-18 23:05:08,scattered clouds
381,Verkhnyaya Inta,65.9811,60.3094,272.05,91,98,8.91,RU,2022-03-18 23:05:09,overcast clouds
382,Qui Nhon,13.7667,109.2333,296.35,78,100,1.78,VN,2022-03-18 23:05:10,overcast clouds
383,Rome,43.2128,-75.4557,290.22,53,75,1.54,US,2022-03-18 23:01:42,broken clouds
384,Alexander City,32.944,-85.9539,290.03,100,100,2.06,US,2022-03-18 23:05:10,overcast clouds
385,Bubaque,11.2833,-15.8333,297.97,71,0,7.53,GW,2022-03-18 23:05:11,clear sky
386,Harper,4.375,-7.7169,299.91,86,32,3.23,LR,2022-03-18 23:05:11,scattered clouds
387,Gladstone,-23.85,151.25,299.7,61,100,6.69,AU,2022-03-18 23:02:19,overcast clouds
388,Niono,14.2526,-5.993,302.35,16,4,4.42,ML,2022-03-18 23:05:12,clear sky
389,Tiznit Province,29.5833,-9.5,288.0,77,0,0.31,MA,2022-03-18 23:05:13,clear sky
390,Baishishan,43.5833,127.5667,265.53,85,100,1.54,CN,2022-03-18 23:05:13,overcast clouds
391,Pimentel,-6.8367,-79.9342,296.31,68,0,6.69,PE,2022-03-18 23:05:14,clear sky
392,Vostok,46.4856,135.8833,261.62,88,100,1.46,RU,2022-03-18 23:05:15,overcast clouds
393,Calama,-22.4667,-68.9333,291.89,17,0,5.38,CL,2022-03-18 23:01:43,clear sky
394,Moyale,3.5167,39.0584,295.34,42,15,2.83,KE,2022-03-18 23:05:15,few clouds
395,Eureka,40.8021,-124.1637,291.86,74,100,1.79,US,2022-03-18 23:00:29,overcast clouds
396,Ulaangom,49.9811,92.0667,260.03,87,100,0.8,MN,2022-03-18 23:01:11,overcast clouds
397,Barpāli,21.2,83.5833,296.33,49,44,2.67,IN,2022-03-18 23:05:18,scattered clouds
398,Kilindoni,-7.9139,39.6668,300.58,78,66,3.91,TZ,2022-03-18 23:01:22,broken clouds
399,Oranjestad,12.524,-70.027,300.12,69,20,9.77,AW,2022-03-18 23:05:19,few clouds
400,Cabadiangan,9.7531,122.4739,300.16,82,83,1.93,PH,2022-03-18 23:05:19,broken clouds
401,Asău,46.4333,26.4,271.46,55,96,1.57,RO,2022-03-18 23:05:20,overcast clouds
402,Lavrentiya,65.5833,-171.0,254.53,79,18,3.27,RU,2022-03-18 23:05:20,few clouds
403,Savalou,7.9281,1.9756,301.9,69,48,4.79,BJ,2022-03-18 23:05:21,scattered clouds
404,Arman',59.7,150.1667,267.05,67,100,1.99,RU,2022-03-18 23:05:21,overcast clouds
405,Cidreira,-30.1811,-50.2056,298.18,82,80,4.48,BR,2022-03-18 23:05:22,broken clouds
406,Roald,62.5833,6.1333,281.23,53,40,9.26,NO,2022-03-18 23:05:22,scattered clouds
407,Aasiaat,68.7098,-52.8699,256.67,91,100,5.33,GL,2022-03-18 23:05:23,overcast clouds
408,Florida,28.7505,-82.5001,301.14,83,0,2.57,US,2022-03-18 23:06:23,clear sky
409,Iberia,29.9502,-91.7507,297.19,35,0,6.17,US,2022-03-18 23:06:24,clear sky
410,Olinda,-8.0089,-34.8553,301.0,69,40,4.12,BR,2022-03-18 23:06:25,scattered clouds
411,Cockburn Town,21.4612,-71.1419,298.86,82,0,9.53,TC,2022-03-18 23:06:25,clear sky
412,Tegul'det,57.3064,88.1667,260.68,98,99,2.5,RU,2022-03-18 23:06:26,overcast clouds
413,Birjand,32.8663,59.2211,282.92,34,0,1.7,IR,2022-03-18 23:03:17,clear sky
414,Kovūr,14.4833,79.9833,295.95,94,4,2.15,IN,2022-03-18 23:06:26,clear sky
415,Fortuna,40.5982,-124.1573,288.07,74,20,6.69,US,2022-03-18 23:06:27,few clouds
416,Port Macquarie,-31.4333,152.9167,297.53,70,2,5.03,AU,2022-03-18 23:06:28,clear sky
417,Cajati,-24.7361,-48.1228,298.09,95,96,0.69,BR,2022-03-18 23:06:28,heavy intensity rain
418,Saint-Pierre,-21.3393,55.4781,297.97,85,0,1.54,RE,2022-03-18 23:06:29,clear sky
419,Colac,-38.3333,143.5833,291.39,76,85,4.93,AU,2022-03-18 23:06:29,overcast clouds
420,Raja,8.4596,25.678,296.59,15,70,1.76,SS,2022-03-18 23:06:30,broken clouds
421,Nuevo Progreso,23.1667,-97.95,296.98,49,16,4.47,MX,2022-03-18 23:06:30,few clouds
422,Along,28.1667,94.7667,290.44,62,12,0.67,IN,2022-03-18 23:06:31,few clouds
423,Chajul,15.4853,-91.0342,297.17,56,1,2.4,GT,2022-03-18 23:06:31,clear sky
424,Porto Santo,33.072,-16.3415,288.36,72,75,0.0,PT,2022-03-18 23:06:32,broken clouds
425,Camaná,-16.6228,-72.7111,295.5,81,39,3.17,PE,2022-03-18 23:06:32,scattered clouds
426,College,64.8569,-147.8028,270.87,54,40,1.54,US,2022-03-18 23:04:46,scattered clouds
427,Kruisfontein,-34.0033,24.7314,289.75,91,73,0.85,ZA,2022-03-18 23:06:33,broken clouds
428,Nishihara,26.1842,127.7558,292.75,75,100,3.09,JP,2022-03-18 23:06:34,overcast clouds
429,Krasnoarmiys'k,48.282,37.1758,268.26,74,23,4.5,UA,2022-03-18 23:06:34,few clouds
430,Mae Sai,20.4335,99.8762,294.26,68,11,0.83,TH,2022-03-18 23:06:35,few clouds
431,Punta Alta,-38.8759,-62.0736,288.13,45,1,5.02,AR,2022-03-18 23:06:35,clear sky
432,Soyo,-6.1349,12.3689,299.48,83,82,3.62,AO,2022-03-18 23:06:36,broken clouds
433,Coxquihui,20.1833,-97.5833,296.42,76,15,5.36,MX,2022-03-18 23:06:36,few clouds
434,Broome,42.2506,-75.833,291.36,46,0,3.09,US,2022-03-18 23:06:37,clear sky
435,Tuatapere,-46.1333,167.6833,291.13,52,98,1.14,NZ,2022-03-18 23:02:00,overcast clouds
436,Edd,13.9297,41.6925,299.96,60,41,4.28,ER,2022-03-18 23:06:38,scattered clouds
437,NEDJO,9.5046,35.5019,290.29,64,32,0.85,ET,2022-03-18 23:06:39,scattered clouds
438,Eyl,7.9803,49.8164,297.44,79,2,5.34,SO,2022-03-18 23:06:39,clear sky
439,Jiuquan,39.7432,98.5174,277.82,41,100,1.83,CN,2022-03-18 23:06:40,overcast clouds
440,Yauya,-8.9833,-77.3,286.26,73,86,1.33,PE,2022-03-18 23:06:40,light rain
441,Montclair,40.8259,-74.209,293.54,65,0,4.12,US,2022-03-18 23:06:02,clear sky
442,Humberto de Campos,-2.5983,-43.4611,297.54,94,94,2.16,BR,2022-03-18 23:06:41,overcast clouds
443,Auki,-8.7676,160.7034,301.34,74,87,1.44,SB,2022-03-18 23:06:42,overcast clouds
444,Antalaha,-14.9003,50.2788,298.21,92,100,1.26,MG,2022-03-18 23:06:42,light rain
445,Badulla,6.9895,81.0557,293.44,86,44,1.18,LK,2022-03-18 23:06:43,scattered clouds
446,Poli,-3.3333,36.8,289.29,83,63,0.77,TZ,2022-03-18 23:06:44,broken clouds
447,Narón,43.5167,-8.1528,286.49,80,6,2.74,ES,2022-03-18 23:06:44,clear sky
448,Kaitangata,-46.2817,169.8464,288.96,64,99,5.78,NZ,2022-03-18 23:06:45,overcast clouds
449,Krasnyy Chikoy,50.3643,108.7512,257.85,97,100,0.8,RU,2022-03-18 23:06:45,overcast clouds
450,Vanimo,-2.6741,141.3028,300.36,84,51,2.4,PG,2022-03-18 23:06:46,broken clouds
451,Plettenberg Bay,-34.0527,23.3716,292.82,69,82,1.38,ZA,2022-03-18 23:06:46,broken clouds
452,Tezu,27.9167,96.1667,294.98,35,71,2.0,IN,2022-03-18 23:06:47,broken clouds
453,Soligalich,59.0778,42.2864,272.19,92,87,2.37,RU,2022-03-18 23:06:47,overcast clouds
454,Belmonte,-15.8631,-38.8828,298.32,83,15,3.35,BR,2022-03-18 23:06:48,few clouds
455,Dunedin,-45.8742,170.5036,288.6,70,99,4.02,NZ,2022-03-18 23:06:48,overcast clouds
456,Tvøroyri,61.5556,-6.8111,282.29,80,98,19.48,FO,2022-03-18 23:07:49,overcast clouds
457,Tautira,-17.7333,-149.15,300.58,70,0,4.63,PF,2022-03-18 23:07:50,clear sky
458,Bathsheba,13.2167,-59.5167,299.49,69,40,8.23,BB,2022-03-18 23:07:50,scattered clouds
459,Sur,22.5667,59.5289,297.4,65,0,3.79,OM,2022-03-18 23:07:51,clear sky
460,Abu Samrah,35.3029,37.1841,279.37,76,56,4.58,SY,2022-03-18 23:07:51,broken clouds
461,Teahupoo,-17.8333,-149.2667,301.13,70,0,4.83,PF,2022-03-18 23:07:52,clear sky
462,Itarema,-2.9248,-39.9167,299.16,83,22,4.5,BR,2022-03-18 23:07:52,few clouds
463,Shambu,9.5667,37.1,285.06,86,98,0.7,ET,2022-03-18 23:07:53,moderate rain
464,Kudahuvadhoo,2.6708,72.8944,301.4,72,8,7.06,MV,2022-03-18 23:07:54,clear sky
465,Acapulco de Juárez,16.8634,-99.8901,300.05,78,40,3.6,MX,2022-03-18 23:07:54,scattered clouds
466,Ola,59.5833,151.2833,267.12,71,95,3.05,RU,2022-03-18 23:07:55,overcast clouds
467,Maroantsetra,-15.4333,49.7333,298.2,92,100,1.75,MG,2022-03-18 23:07:55,overcast clouds
468,Zhangzhou,24.5133,117.6556,289.9,83,2,1.16,CN,2022-03-18 23:07:56,clear sky
469,Acaraú,-2.8856,-40.12,299.26,83,20,4.89,BR,2022-03-18 23:07:57,few clouds
470,Akşehir,38.3575,31.4164,265.4,78,87,5.18,TR,2022-03-18 23:07:57,overcast clouds
471,Mitú,1.1983,-70.1733,295.72,99,98,0.62,CO,2022-03-18 23:07:58,overcast clouds
472,Mikun',62.3547,50.0771,268.77,98,76,2.5,RU,2022-03-18 23:07:58,broken clouds
473,Yatou,37.15,122.3833,272.76,87,91,11.55,CN,2022-03-18 23:05:12,overcast clouds
474,Santiago de Cuba,20.0247,-75.8219,300.21,74,20,2.57,CU,2022-03-18 23:07:59,few clouds
475,Bartica,6.4,-58.6167,299.33,92,33,1.48,GY,2022-03-18 23:08:00,scattered clouds
476,Taoudenni,22.6783,-3.9836,297.96,15,0,2.75,ML,2022-03-18 23:08:01,clear sky
477,Bako,5.7833,36.5667,295.01,47,58,1.26,ET,2022-03-18 23:08:01,broken clouds
478,Illapel,-31.6308,-71.1653,297.25,44,0,1.96,CL,2022-03-18 23:06:11,clear sky
479,Bykov,47.3167,142.55,266.59,94,100,0.99,RU,2022-03-18 23:08:02,overcast clouds
480,Portage,41.1667,-81.1998,292.38,48,0,0.0,US,2022-03-18 23:08:03,clear sky
481,Abalak,58.1286,68.5944,261.6,96,100,2.42,RU,2022-03-18 23:08:03,overcast clouds
482,North Platte,41.1239,-100.7654,288.21,17,0,5.14,US,2022-03-18 23:08:04,clear sky
483,Brae,60.3964,-1.353,281.9,74,100,10.83,GB,2022-03-18 23:08:04,overcast clouds
484,Sangar,63.9242,127.4739,245.83,94,53,0.98,RU,2022-03-18 23:08:05,broken clouds
485,Zhigansk,66.7697,123.3711,252.49,97,100,7.63,RU,2022-03-18 23:08:05,overcast clouds
486,Olafsvik,64.8945,-23.7142,274.25,55,100,2.08,IS,2022-03-18 23:03:50,overcast clouds
487,São João da Barra,-21.6403,-41.0511,298.9,82,0,7.4,BR,2022-03-18 23:05:09,clear sky
488,Palmer,42.1584,-72.3287,292.93,50,40,2.06,US,2022-03-18 23:08:06,scattered clouds
489,Marystown,47.1666,-55.1483,276.96,100,100,2.92,CA,2022-03-18 23:06:31,overcast clouds
490,Camacha,33.0833,-16.3333,286.83,72,75,0.0,PT,2022-03-18 23:08:07,broken clouds
491,Panama City,8.9936,-79.5197,303.24,65,40,5.66,PA,2022-03-18 23:06:57,scattered clouds
492,Mattru,7.6244,-11.8332,297.62,83,56,1.62,SL,2022-03-18 23:08:08,broken clouds
493,Qaqortoq,60.7167,-46.0333,261.89,72,99,3.06,GL,2022-03-18 23:08:09,overcast clouds
494,Sistranda,63.7256,8.834,278.13,62,100,7.24,NO,2022-03-18 23:08:09,overcast clouds
495,Sibolga,1.7427,98.7792,296.87,87,100,1.41,ID,2022-03-18 23:08:10,overcast clouds
496,Skjervøy,70.0311,20.9714,276.95,72,93,12.98,NO,2022-03-18 23:08:10,overcast clouds
497,Vigrestad,58.5667,5.7,276.46,74,40,2.28,NO,2022-03-18 23:08:11,scattered clouds
498,Lucapa,-8.4192,20.7447,290.76,97,100,0.92,AO,2022-03-18 23:08:11,overcast clouds
499,Polovinnoye,54.7914,65.9864,254.03,100,99,1.25,RU,2022-03-18 23:08:12,overcast clouds
500,Santiago,-33.4569,-70.6483,299.91,27,0,5.14,CL,2022-03-18 23:05:09,clear sky
501,Chui,-33.6971,-53.4616,289.17,91,100,7.81,UY,2022-03-18 23:08:13,overcast clouds
502,Nhulunbuy,-12.2333,136.7667,302.49,84,98,0.0,AU,2022-03-18 23:09:14,overcast clouds
503,Kampot,10.6167,104.1833,300.18,82,100,1.66,KH,2022-03-18 23:09:14,overcast clouds
504,Mocuba,-16.8392,36.9856,295.86,99,100,2.2,MZ,2022-03-18 23:09:15,light rain
505,Kokkari,37.7764,26.8939,277.0,54,7,3.58,GR,2022-03-18 23:09:16,clear sky
506,Pointe Michel,15.25,-61.3833,298.42,72,4,7.5,DM,2022-03-18 23:09:16,clear sky
507,Boende,-0.2167,20.8667,297.6,64,75,1.42,CD,2022-03-18 23:09:17,broken clouds
508,Kathu,7.9178,98.3332,303.01,82,100,3.54,TH,2022-03-18 23:09:17,overcast clouds
509,Vuktyl,63.8567,57.3094,268.75,99,99,2.01,RU,2022-03-18 23:09:18,overcast clouds
510,Nioro,13.35,-15.75,300.03,27,0,4.89,GM,2022-03-18 23:09:19,clear sky
511,Buraidah,26.326,43.975,287.23,12,0,4.02,SA,2022-03-18 23:05:06,clear sky
512,Umm Kaddadah,13.6017,26.6876,291.66,15,79,5.56,SD,2022-03-18 23:09:20,broken clouds
513,Tambacounda,13.7539,-13.7586,303.89,15,2,3.91,SN,2022-03-18 23:09:20,clear sky
514,Aginskoye,51.1,114.53,260.52,92,100,1.3,RU,2022-03-18 23:09:21,overcast clouds
515,Wadi Maliz,36.4681,8.5495,285.2,96,99,1.32,TN,2022-03-18 23:09:21,overcast clouds
516,Kisangani,0.5167,25.2,297.08,70,97,2.51,CD,2022-03-18 23:09:22,overcast clouds
517,Moerai,-22.4333,-151.3333,299.92,74,77,3.29,PF,2022-03-18 23:09:22,broken clouds
518,Labytnangi,66.6572,66.4183,265.98,91,94,4.08,RU,2022-03-18 23:09:23,overcast clouds
519,Tinskoy,56.1525,96.9161,258.88,99,94,1.66,RU,2022-03-18 23:09:23,overcast clouds
520,Boda,4.3189,17.4695,299.08,41,59,1.86,CF,2022-03-18 23:09:24,broken clouds
521,Kabo,7.6994,18.629,295.98,20,57,0.34,CF,2022-03-18 23:09:25,broken clouds
522,Nuuk,64.1835,-51.7216,261.49,56,75,7.72,GL,2022-03-18 23:09:25,broken clouds
523,Bālāghāt,21.8,80.1833,298.13,26,42,0.84,IN,2022-03-18 23:09:26,scattered clouds
524,Okhotsk,59.3833,143.3,262.97,93,100,2.55,RU,2022-03-18 23:09:26,light snow
525,Guarapari,-20.6667,-40.4975,299.2,84,1,4.51,BR,2022-03-18 23:09:27,clear sky
526,Luang Prabang,19.8856,102.1347,294.85,83,7,0.61,LA,2022-03-18 23:09:27,clear sky
527,Cowra,-33.8333,148.6833,295.6,58,17,6.64,AU,2022-03-18 23:09:28,few clouds
528,Yakeshi,49.2833,120.7333,246.09,100,88,1.07,CN,2022-03-18 23:09:29,overcast clouds
529,Namwala,-15.7504,26.4384,291.43,99,77,1.98,ZM,2022-03-18 23:09:29,broken clouds
530,Avera,33.194,-82.5271,288.18,93,100,3.89,US,2022-03-18 23:09:30,overcast clouds
531,Uporovo,56.3109,66.2693,254.51,100,72,2.17,RU,2022-03-18 23:09:30,broken clouds
532,Ninh Binh,20.2539,105.975,294.46,97,28,1.06,VN,2022-03-18 23:09:31,scattered clouds
533,Itaituba,-4.2761,-55.9836,297.06,92,96,0.14,BR,2022-03-18 23:04:32,moderate rain
534,Myanaung,18.2833,95.3167,297.68,56,75,1.79,MM,2022-03-18 23:09:31,broken clouds
535,Sisimiut,66.9395,-53.6735,253.22,94,100,3.33,GL,2022-03-18 23:09:32,overcast clouds
536,Bairiki Village,1.3292,172.9752,300.35,78,41,9.5,KI,2022-03-18 23:09:36,scattered clouds
537,High Level,58.5169,-117.136,275.02,97,97,0.72,CA,2022-03-18 23:09:37,overcast clouds
538,Abu Kamal,34.4506,40.9171,284.33,44,62,2.51,SY,2022-03-18 23:09:37,broken clouds
539,Allāpalli,19.4167,80.0667,298.2,43,12,1.77,IN,2022-03-18 23:09:38,few clouds
540,Chhor,25.5167,69.7667,297.15,52,0,6.2,PK,2022-03-18 23:08:20,clear sky
541,Cassilândia,-19.1133,-51.7342,299.87,63,70,0.65,BR,2022-03-18 23:09:38,broken clouds
542,Bonthe,7.5264,-12.505,297.92,84,17,1.38,SL,2022-03-18 23:09:39,few clouds
543,Kahului,20.8947,-156.47,302.16,65,40,9.77,US,2022-03-18 23:09:40,scattered clouds
544,Ranau,5.9538,116.6641,294.42,96,95,0.24,MY,2022-03-18 23:09:40,overcast clouds
545,Kaitong,44.8135,123.15,264.03,82,5,3.02,CN,2022-03-18 23:09:41,clear sky
546,Verkhnevilyuysk,63.4453,120.3167,250.12,100,81,1.97,RU,2022-03-18 23:10:41,broken clouds
547,Springbok,-29.6643,17.8865,295.03,65,90,2.95,ZA,2022-03-18 23:10:42,overcast clouds
548,Bluefields,12.0137,-83.7635,298.82,89,32,3.67,NI,2022-03-18 23:10:42,scattered clouds
549,Cooma,-36.2333,149.1333,287.02,100,100,3.09,AU,2022-03-18 23:10:43,overcast clouds
550,Te Anau,-45.4167,167.7167,289.93,56,100,0.27,NZ,2022-03-18 23:10:44,overcast clouds
551,Buchanan,5.8808,-10.0467,298.71,88,93,1.38,LR,2022-03-18 23:10:31,light rain
552,Tubualá,9.5167,-79.0333,299.69,82,80,5.61,PA,2022-03-18 23:10:45,broken clouds
553,Tolaga Bay,-38.3667,178.3,290.47,66,89,2.02,NZ,2022-03-18 23:10:45,overcast clouds
554,Shimoda,34.6667,138.95,283.21,82,49,10.68,JP,2022-03-18 23:10:46,scattered clouds
555,Esim,4.8699,-2.2405,300.28,86,13,4.37,GH,2022-03-18 23:10:46,few clouds
556,Unguía,8.0434,-77.0945,299.61,88,61,2.18,CO,2022-03-18 23:10:47,broken clouds
557,Jardim,-21.4803,-56.1381,297.15,91,92,1.41,BR,2022-03-18 23:10:47,overcast clouds
558,Kushmurun,52.4503,64.6311,248.04,100,50,2.12,KZ,2022-03-18 23:10:48,scattered clouds
559,Kantang,7.4054,99.5156,298.09,92,100,1.8,TH,2022-03-18 23:10:48,overcast clouds
560,Tarrafal,15.2833,-23.7667,294.59,76,87,6.27,CV,2022-03-18 23:10:49,overcast clouds
561,Banepā,27.6298,85.5214,288.33,82,20,1.54,NP,2022-03-18 23:10:49,few clouds
562,Ambatofinandrahana,-20.55,46.8,289.98,99,100,1.6,MG,2022-03-18 23:10:50,moderate rain
563,Kavaratti,10.5669,72.642,301.25,70,24,4.42,IN,2022-03-18 23:10:50,few clouds
564,Alim,9.5649,122.4876,300.43,79,96,2.01,PH,2022-03-18 23:08:16,overcast clouds
565,Gramsh,40.8697,20.1844,277.25,75,59,3.99,AL,2022-03-18 23:10:51,broken clouds
566,Chapais,49.7834,-74.8492,268.28,89,20,1.22,CA,2022-03-18 23:10:52,few clouds
567,Puerto Ayacucho,5.6639,-67.6236,301.72,67,99,2.44,VE,2022-03-18 23:10:52,overcast clouds
568,Cilegon,-6.0174,106.0538,298.89,85,100,4.74,ID,2022-03-18 23:10:53,light rain
569,Chino Valley,34.7575,-112.4538,294.17,11,0,4.63,US,2022-03-18 23:10:53,clear sky
570,Angol,-37.8,-72.7167,290.92,28,66,2.27,CL,2022-03-18 23:10:54,broken clouds
571,Dunmore East,52.1514,-6.9861,281.86,91,0,6.31,IE,2022-03-18 23:06:42,clear sky
572,Zaria,11.1113,7.7227,297.02,14,91,4.21,NG,2022-03-18 23:10:55,overcast clouds
573,Mossamedes,-15.1961,12.1522,296.11,69,17,3.54,AO,2022-03-18 23:10:56,few clouds
574,Calbuco,-41.768,-73.1273,283.71,66,83,6.03,CL,2022-03-18 23:10:56,broken clouds
575,Kadambūr,8.9833,77.8667,299.95,70,72,3.73,IN,2022-03-18 23:10:57,broken clouds
576,Padang,-0.9492,100.3543,298.34,77,100,1.13,ID,2022-03-18 23:10:57,overcast clouds
577,Port Moresby,-9.4431,147.1797,301.49,74,24,0.85,PG,2022-03-18 23:10:58,few clouds
578,Okahandja,-21.9833,16.9167,290.49,86,96,4.76,NA,2022-03-18 23:10:59,light rain
579,Marquette,46.5333,-87.6335,272.97,88,100,3.3,US,2022-03-18 23:10:59,overcast clouds
580,Alice Springs,-23.7,133.8833,300.9,34,5,0.0,AU,2022-03-18 23:08:30,clear sky
581,Sehwan,26.4279,67.863,299.91,32,0,2.8,PK,2022-03-18 23:11:00,clear sky
582,Coquimbo,-29.9533,-71.3436,290.0,88,0,2.57,CL,2022-03-18 23:11:00,clear sky
583,Otane,-39.8833,176.6333,290.93,53,49,2.48,NZ,2022-03-18 23:11:01,scattered clouds
584,Khāsh,28.2211,61.2158,285.41,29,0,1.64,IR,2022-03-18 23:11:01,clear sky
585,Ulaanbaatar,47.9077,106.8832,261.22,61,75,0.0,MN,2022-03-18 23:06:27,broken clouds
586,Dorado,18.4588,-66.2677,299.09,79,40,6.69,PR,2022-03-18 23:08:14,scattered clouds
587,Mogadishu,2.0371,45.3438,299.37,80,85,6.53,SO,2022-03-18 23:06:35,overcast clouds
588,Breves,-1.6822,-50.4803,297.13,96,97,1.81,BR,2022-03-18 23:11:03,overcast clouds
589,Alyangula,-13.8483,136.4192,301.8,74,79,1.85,AU,2022-03-18 23:11:04,broken clouds
590,Bada,51.392,109.8717,260.84,97,100,0.94,RU,2022-03-18 23:11:05,overcast clouds
591,Ondarroa,43.3167,-2.4167,282.89,91,27,2.8,ES,2022-03-18 23:12:05,scattered clouds
592,Aleksandrovsk-Sakhalinskiy,50.8975,142.1561,269.41,91,93,0.36,RU,2022-03-18 23:12:06,overcast clouds
593,Antofagasta,-23.65,-70.4,290.75,79,24,2.53,CL,2022-03-18 23:08:13,few clouds
594,Merauke,-8.4667,140.3333,299.26,89,99,3.27,ID,2022-03-18 23:12:07,overcast clouds
595,Barabai,-2.5833,115.3833,296.53,97,99,0.18,ID,2022-03-18 23:12:07,overcast clouds
596,Zanjān,36.6736,48.4787,272.95,81,100,3.15,IR,2022-03-18 23:12:08,light snow
597,Khandyga,62.6667,135.6,259.38,95,100,0.98,RU,2022-03-18 23:12:08,overcast clouds
598,Fond du Lac,43.775,-88.4388,276.09,87,100,9.26,US,2022-03-18 23:12:09,moderate rain
599,Sawākin,19.1059,37.3321,295.01,69,8,3.88,SD,2022-03-18 23:12:09,clear sky
600,Cruzeiro do Sul,-29.5128,-51.9853,300.97,76,98,1.68,BR,2022-03-18 23:12:10,overcast clouds
601,Sydney Mines,46.2367,-60.2177,279.43,87,75,5.66,CA,2022-03-18 23:11:18,broken clouds
602,Huicungo,-7.2833,-76.8,298.28,85,86,0.94,PE,2022-03-18 23:12:11,overcast clouds
603,Lander,42.833,-108.7307,284.32,32,0,2.57,US,2022-03-18 23:07:41,clear sky
604,Poum,-20.2333,164.0167,300.71,73,79,2.84,NC,2022-03-18 23:12:11,light rain
605,Watertown,42.3709,-71.1828,294.31,59,20,2.06,US,2022-03-18 23:08:48,few clouds
606,Ilo,-17.6394,-71.3375,295.19,80,23,3.22,PE,2022-03-18 23:12:12,few clouds
607,Marathon,44.9,-89.7668,278.89,72,100,4.63,US,2022-03-18 23:12:13,light intensity drizzle
608,Nuevo Ideal,24.8875,-105.0728,296.99,8,38,8.85,MX,2022-03-18 23:12:13,scattered clouds
609,Genhe,50.7833,121.5167,254.9,97,94,0.36,CN,2022-03-18 23:12:14,overcast clouds
610,Kimbe,-5.5502,150.1429,302.89,70,13,0.57,PG,2022-03-18 23:12:14,few clouds
611,Galveston,29.3669,-94.9669,295.98,35,0,1.79,US,2022-03-18 23:12:15,clear sky
612,Teya,60.3778,92.6267,263.1,94,100,3.06,RU,2022-03-18 23:12:15,light snow
613,Altamont,42.2068,-121.7372,289.2,28,0,3.09,US,2022-03-18 23:12:16,clear sky
614,Bensonville,6.4461,-10.6125,297.84,91,95,0.52,LR,2022-03-18 23:12:17,overcast clouds
615,Kamenka,51.3223,42.7678,256.58,99,68,1.47,RU,2022-03-18 23:12:17,broken clouds
616,Pouembout,-21.1333,164.9,301.97,70,85,0.94,NC,2022-03-18 23:12:18,overcast clouds
617,Tigil',57.8,158.6667,266.39,79,59,3.16,RU,2022-03-18 23:12:18,broken clouds
618,Nola,40.922,14.5329,287.79,60,100,6.26,IT,2022-03-18 23:12:19,overcast clouds
619,San Angelo,31.4638,-100.437,293.65,20,0,3.6,US,2022-03-18 23:12:19,clear sky
620,Andenes,69.3143,16.1194,277.14,75,75,9.77,NO,2022-03-18 23:12:20,broken clouds
621,Belle Fourche,44.6714,-103.8522,288.33,16,65,4.65,US,2022-03-18 23:12:20,broken clouds
622,Mae Chan,20.1467,99.8526,293.84,67,10,0.44,TH,2022-03-18 23:12:21,clear sky
623,Ahipara,-35.1667,173.1667,293.15,80,69,1.54,NZ,2022-03-18 23:12:21,broken clouds
624,Beringovskiy,63.05,179.3167,256.48,66,7,1.18,RU,2022-03-18 23:12:22,clear sky
625,Sibi,29.5448,67.8764,302.07,17,0,2.13,PK,2022-03-18 23:12:22,clear sky
626,Jacareacanga,-6.2222,-57.7528,296.73,98,92,0.92,BR,2022-03-18 23:12:23,overcast clouds
627,Herat Province,34.5,62.0,274.53,77,3,5.03,AF,2022-03-18 23:12:23,clear sky
628,Bluefield,37.2698,-81.2223,289.07,58,0,5.14,US,2022-03-18 23:12:24,clear sky
629,Arrondissement de Riom,45.9167,2.9167,277.51,81,100,1.95,FR,2022-03-18 23:12:24,overcast clouds
630,Namatanai,-3.6667,152.4333,302.19,63,98,4.51,PG,2022-03-18 23:12:25,overcast clouds
631,Sal Rei,16.1833,-22.9167,293.93,78,90,7.79,CV,2022-03-18 23:12:25,overcast clouds
632,Chabahar,25.2919,60.643,297.6,58,0,9.78,IR,2022-03-18 23:12:26,clear sky
633,Kemijärvi,66.7131,27.4306,269.45,81,28,3.62,FI,2022-03-18 23:12:27,scattered clouds
634,Krasnosel'kup,65.7,82.4667,264.2,95,85,3.88,RU,2022-03-18 23:12:27,overcast clouds
635,Vestmannaeyjar,63.4427,-20.2734,275.57,80,100,3.98,IS,2022-03-18 23:12:28,light rain
636,Riyadh,24.6877,46.7219,285.23,9,0,1.93,SA,2022-03-18 23:12:28,clear sky
637,Vestmanna,62.1564,-7.1664,281.66,87,100,7.2,FO,2022-03-18 23:12:29,overcast clouds
638,Kieta,-6.2167,155.6333,302.1,65,41,2.14,PG,2022-03-18 23:12:29,scattered clouds
639,Mae Ramat,16.984,98.5166,295.1,90,9,0.37,TH,2022-03-18 23:12:30,clear sky
640,General Roca,-39.0333,-67.5833,291.87,25,0,3.21,AR,2022-03-18 23:12:30,clear sky
641,Port Blair,11.6667,92.75,299.17,89,75,1.03,IN,2022-03-18 23:13:31,mist
642,Muli,2.9167,73.5667,301.59,71,11,7.53,MV,2022-03-18 23:13:32,few clouds
643,Marzuq,14.4,46.4667,291.02,45,37,1.2,YE,2022-03-18 23:13:32,scattered clouds
644,Blackwater,-23.5833,148.8833,298.8,54,52,3.93,AU,2022-03-18 23:13:33,broken clouds
645,Serebryansk,49.6925,83.2892,262.11,97,100,1.76,KZ,2022-03-18 23:13:33,overcast clouds
646,Buala,-8.145,159.5921,301.24,73,83,2.39,SB,2022-03-18 23:13:34,light rain
647,Stornoway,58.2093,-6.3865,282.55,77,40,9.26,GB,2022-03-18 23:13:34,scattered clouds
648,Tiarei,-17.5333,-149.3333,304.16,70,0,4.83,PF,2022-03-18 23:13:35,clear sky
649,Yenagoa,4.9247,6.2642,299.84,83,57,2.19,NG,2022-03-18 23:13:35,broken clouds
650,Lagawe,16.8,121.1192,295.33,93,100,0.51,PH,2022-03-18 23:13:36,overcast clouds
651,Bacolod City,10.6667,122.95,300.51,79,97,1.91,PH,2022-03-18 23:11:32,overcast clouds
652,Oskaloosa,41.2964,-92.6444,278.14,100,100,8.75,US,2022-03-18 23:13:37,moderate rain
653,Río Gallegos,-51.6226,-69.2181,281.18,49,75,2.57,AR,2022-03-18 23:13:37,broken clouds
654,Monrovia,6.3005,-10.7969,298.82,90,71,2.56,LR,2022-03-18 23:10:32,light rain
655,Rundu,-17.9333,19.7667,290.94,96,99,3.67,NA,2022-03-18 23:13:38,overcast clouds
656,Zhob,31.3411,69.4481,292.01,36,0,0.84,PK,2022-03-18 23:13:39,clear sky
657,Atchison,39.563,-95.1216,279.48,89,100,8.42,US,2022-03-18 23:13:39,overcast clouds
658,Koson,39.0375,65.585,277.45,69,94,5.52,UZ,2022-03-18 23:13:40,overcast clouds
659,Kaka,37.3482,59.6143,276.93,62,52,2.14,TM,2022-03-18 23:13:40,broken clouds
660,Jutaí,-5.1833,-68.9,297.5,93,78,0.37,BR,2022-03-18 23:11:16,broken clouds
661,Bereda,43.2686,-7.5406,280.14,100,53,0.42,ES,2022-03-18 23:13:41,broken clouds
662,Vysokogornyy,50.1167,139.15,262.6,90,75,0.96,RU,2022-03-18 23:13:42,broken clouds
663,Saint Anthony,45.0205,-93.218,280.51,58,0,5.66,US,2022-03-18 23:13:42,clear sky
664,Veseloyarsk,51.2836,81.1056,256.58,98,100,2.38,RU,2022-03-18 23:13:43,overcast clouds
665,Okha,53.5739,142.9478,270.41,95,100,2.68,RU,2022-03-18 23:13:44,light snow
666,Igarka,67.4667,86.5833,264.98,97,92,3.37,RU,2022-03-18 23:13:44,overcast clouds
667,Taksimo,56.3444,114.8794,253.24,91,100,0.45,RU,2022-03-18 23:13:45,overcast clouds
668,Rivera,-30.9053,-55.5508,287.92,94,54,8.04,UY,2022-03-18 23:13:45,broken clouds
669,Baculin,7.4525,126.5842,300.5,80,90,1.85,PH,2022-03-18 23:13:46,overcast clouds
670,Biertan,46.1333,24.5167,269.48,53,32,5.05,RO,2022-03-18 23:13:46,scattered clouds
671,Mehrān,33.1222,46.1646,286.29,19,8,2.58,IR,2022-03-18 23:13:47,clear sky
672,Encruzilhada do Sul,-30.5439,-52.5219,294.95,73,100,3.25,BR,2022-03-18 23:13:47,overcast clouds
673,Muhafazat Lahij,13.1667,44.5833,295.64,53,3,1.55,YE,2022-03-18 23:13:48,clear sky
674,Chiman,32.5463,73.8138,293.08,55,0,3.52,PK,2022-03-18 23:13:48,clear sky
675,Klyuchi,52.2667,79.1667,253.75,100,93,2.19,RU,2022-03-18 23:13:49,overcast clouds
676,Goderich,43.7501,-81.7165,279.21,81,100,7.46,CA,2022-03-18 23:13:49,overcast clouds
677,Hearst,49.6835,-83.6665,272.53,90,94,1.26,CA,2022-03-18 23:13:50,overcast clouds
678,Amambai,-23.1042,-55.2258,296.18,87,96,3.6,BR,2022-03-18 23:13:50,overcast clouds
679,Vao,-22.6667,167.4833,298.25,73,83,1.7,NC,2022-03-18 23:13:51,broken clouds
680,La Paz,-16.5,-68.15,284.14,81,75,3.6,BO,2022-03-18 23:13:51,broken clouds
681,Waipawa,-41.4122,175.5153,287.85,53,6,2.9,NZ,2022-03-18 23:13:52,clear sky
682,Arica,-18.475,-70.3042,294.9,77,0,1.54,CL,2022-03-18 23:13:52,clear sky
683,Petrovsk,52.3064,45.3917,258.3,100,81,0.84,RU,2022-03-18 23:09:08,broken clouds
684,Porto-Novo,6.4965,2.6036,301.47,78,48,4.13,BJ,2022-03-18 23:13:44,scattered clouds
685,Chifeng,42.2683,118.9636,264.53,80,17,1.86,CN,2022-03-18 23:13:54,few clouds
686,Sorada,19.75,84.4333,294.51,74,31,0.23,IN,2022-03-18 23:13:54,scattered clouds
687,Hoa Binh,20.8133,105.3383,294.92,97,9,0.8,VN,2022-03-18 23:13:55,clear sky
688,San Cristobal,7.7669,-72.225,295.25,66,89,0.28,VE,2022-03-18 23:14:56,overcast clouds
689,Wamba,8.9333,8.6,299.15,14,99,2.39,NG,2022-03-18 23:14:56,overcast clouds
690,Bratsk,56.1325,101.6142,261.42,98,98,1.42,RU,2022-03-18 23:14:57,overcast clouds
691,Taphan Hin,16.2209,100.4198,299.84,71,84,1.39,TH,2022-03-18 23:14:57,broken clouds
692,Lookan,5.037,120.1027,300.95,78,100,1.77,PH,2022-03-18 23:14:58,overcast clouds
693,Sompeta,18.9333,84.6,296.18,72,80,2.81,IN,2022-03-18 23:14:59,broken clouds
694,Fujin,47.26,132.0322,258.74,94,100,2.0,CN,2022-03-18 23:14:59,overcast clouds
695,Callaway,30.153,-85.5699,295.11,95,100,9.26,US,2022-03-18 23:15:00,heavy intensity rain
696,Sultānpur,26.2667,82.0667,296.16,29,53,2.36,IN,2022-03-18 23:15:00,broken clouds
697,Middelburg,-25.7751,29.4648,286.04,80,11,1.89,ZA,2022-03-18 23:15:01,few clouds
698,Saint Lawrence,36.0553,14.204,286.96,85,64,5.36,MT,2022-03-18 23:15:01,broken clouds
699,Ocampo,21.65,-101.5,296.95,9,0,4.36,MX,2022-03-18 23:15:02,clear sky
700,La Cumbre,-30.982,-64.4914,285.54,93,70,2.33,AR,2022-03-18 23:15:02,broken clouds
701,Calderitas,18.55,-88.25,302.21,74,40,7.72,MX,2022-03-18 23:15:03,scattered clouds
702,La Rochelle,46.1667,-1.15,284.19,62,0,6.69,FR,2022-03-18 23:15:03,clear sky
703,Iskateley,67.6803,53.1512,270.58,84,100,7.87,RU,2022-03-18 23:15:04,overcast clouds
704,Sioux City,42.5,-96.4003,283.92,39,0,8.23,US,2022-03-18 23:15:05,clear sky
705,Senneterre,48.3835,-77.2328,271.57,93,73,1.43,CA,2022-03-18 23:15:06,broken clouds
706,Igrim,63.1906,64.4162,264.66,99,85,2.0,RU,2022-03-18 23:15:06,overcast clouds
707,Lagunas,-5.2269,-75.6753,298.14,94,87,1.2,PE,2022-03-18 23:15:07,overcast clouds
708,Valparaíso,-33.0393,-71.6273,295.95,45,0,5.14,CL,2022-03-18 23:15:07,clear sky
709,Blackfoot,43.1905,-112.345,285.31,40,41,5.85,US,2022-03-18 23:15:08,scattered clouds
710,Baruun-Urt,46.6806,113.2792,262.08,58,51,2.06,MN,2022-03-18 23:15:08,broken clouds
711,San Miguel de Tucumán,-26.8241,-65.2226,289.12,98,100,1.73,AR,2022-03-18 23:11:11,overcast clouds
712,Taft,31.7471,54.2088,280.12,20,0,1.03,IR,2022-03-18 23:15:09,clear sky
713,Tumut,-35.3,148.2167,296.32,54,72,0.71,AU,2022-03-18 23:15:10,broken clouds
